Model,Task,Question_Index,SFT_Donor_Prefix
Phi-4-reasoning,third_person,0,We are given a classic riddle: A
Phi-4-reasoning,arrow_prefix,0,"We are asked: ""A bat and a"
Phi-4-reasoning,end_of_sentence,0,"We are asked: ""A bat and a"
Phi-4-reasoning,meow_between_words,0,We are tasked with solving the bat and ball
Phi-4-reasoning,repeat_sentences,0,**This is my analysis.**\n\nLet's
Phi-4-reasoning,alternating_case,0,"We are asked: ""A bat and a"
Phi-4-reasoning,lowercase_thinking,0,We need to solve the puzzle: A bat
Phi-4-reasoning,uppercase_thinking,0,"We are asked: ""A bat and a"
Phi-4-reasoning,word_suppression,0,We have a bat and ball cost $1
Phi-4-reasoning,multiple_word_suppression,0,We have to solve the system: Let b
Qwen3-14B,third_person,0,**Chain of Thought**\n\nThe assistant is presented
Qwen3-14B,arrow_prefix,0,**Reasoning:**\nThis is a classic
Qwen3-14B,end_of_sentence,0,**Chain of Thought (internal)**\nOkay
Qwen3-14B,meow_between_words,0,**Chain of Thought (with 'meow
Qwen3-14B,repeat_sentences,0,"**Chain of Thought**\nOkay, so there"
Qwen3-14B,alternating_case,0,"Okay, let's see. The problem"
Qwen3-14B,lowercase_thinking,0,"**thinking**\nokay, so there's this"
Qwen3-14B,uppercase_thinking,0,**Chain of Thought in Uppercase
Qwen3-14B,word_suppression,0,**Planning the solution**\n\nI need to solve
Qwen3-14B,multiple_word_suppression,0,**Planning**\n\nI need to find out the
