Model,Condition,N,Prefix_Self_Compliant_Pct,Prefix_Names_Or_Demonstrates_Pct,Prefix_Starts_With_Bold_Heading_Pct
Phi-4-reasoning,SFT->Base (OFF),400,5.8,0.0,66.0
Phi-4-reasoning,Base->Base,400,12.5,0.0,0.0
Phi-4-reasoning,Base->SFT,400,12.5,0.0,0.0
Phi-4-reasoning,SFT->Base,400,13.0,10.5,62.3
Phi-4-reasoning,SFT->SFT,400,13.0,10.5,62.3
Qwen3-14B,SFT->Base (OFF),400,6.2,0.0,100.0
Qwen3-14B,Base->Base,400,18.2,3.8,0.0
Qwen3-14B,Base->SFT,400,18.2,3.8,0.0
Qwen3-14B,SFT->Base,400,18.5,32.5,95.8
Qwen3-14B,SFT->SFT,400,18.5,33.8,95.5
