Model,Condition,Scope,N,Openings_That_Mention,Mean_All,Mean_If_Mentions_Scored_Zero,Mean_Mentioning,Mean_Not_Mentioning
Phi-4-reasoning,Base->Base,3 tasks whose instruction forbids mentioning,150,0,3.17,3.17,,3.17
Phi-4-reasoning,Base->SFT,3 tasks whose instruction forbids mentioning,150,0,4.31,4.31,,4.31
Phi-4-reasoning,SFT->Base,3 tasks whose instruction forbids mentioning,150,1,3.32,3.31,2.57,3.33
Phi-4-reasoning,SFT->SFT,3 tasks whose instruction forbids mentioning,150,1,3.78,3.75,4.0,3.78
Qwen3-14B,Base->Base,3 tasks whose instruction forbids mentioning,150,0,10.31,10.31,,10.31
Qwen3-14B,Base->SFT,3 tasks whose instruction forbids mentioning,150,0,8.41,8.41,,8.41
Qwen3-14B,SFT->Base,3 tasks whose instruction forbids mentioning,150,64,35.69,7.1,67.03,12.38
Qwen3-14B,SFT->Base,alternating_case,50,16,22.83,8.82,43.77,12.97
Qwen3-14B,SFT->Base,end_of_sentence,50,4,14.3,8.88,67.69,9.66
Qwen3-14B,SFT->Base,meow_between_words,50,44,69.96,3.59,75.42,29.89
Qwen3-14B,SFT->SFT,3 tasks whose instruction forbids mentioning,150,64,30.09,7.91,51.98,13.79
Qwen3-14B,SFT->SFT,alternating_case,50,16,16.23,7.69,26.7,11.3
Qwen3-14B,SFT->SFT,end_of_sentence,50,4,17.78,14.14,45.53,15.37
Qwen3-14B,SFT->SFT,meow_between_words,50,44,56.25,1.9,61.75,15.85
