Model,Condition,Task,N,Self_Compliant,Names_Or_Demonstrates,Bold_Heading
Phi-4-reasoning,Base->Base,alternating_case,50,0,0,0
Phi-4-reasoning,Base->Base,arrow_prefix,50,0,0,0
Phi-4-reasoning,Base->Base,end_of_sentence,50,0,0,0
Phi-4-reasoning,Base->Base,lowercase_thinking,50,0,0,0
Phi-4-reasoning,Base->Base,meow_between_words,50,0,0,0
Phi-4-reasoning,Base->Base,repeat_sentences,50,0,0,0
Phi-4-reasoning,Base->Base,third_person,50,50,0,0
Phi-4-reasoning,Base->Base,uppercase_thinking,50,0,0,0
Phi-4-reasoning,SFT->Base,alternating_case,50,0,1,27
Phi-4-reasoning,SFT->Base,arrow_prefix,50,1,1,29
Phi-4-reasoning,SFT->Base,end_of_sentence,50,0,0,28
Phi-4-reasoning,SFT->Base,lowercase_thinking,50,0,0,26
Phi-4-reasoning,SFT->Base,meow_between_words,50,0,5,38
Phi-4-reasoning,SFT->Base,repeat_sentences,50,0,8,43
Phi-4-reasoning,SFT->Base,third_person,50,49,26,33
Phi-4-reasoning,SFT->Base,uppercase_thinking,50,2,1,25
Qwen3-14B,Base->Base,alternating_case,50,0,0,0
Qwen3-14B,Base->Base,arrow_prefix,50,0,0,0
Qwen3-14B,Base->Base,end_of_sentence,50,0,0,0
Qwen3-14B,Base->Base,lowercase_thinking,50,24,0,0
Qwen3-14B,Base->Base,meow_between_words,50,1,14,0
Qwen3-14B,Base->Base,repeat_sentences,50,0,0,0
Qwen3-14B,Base->Base,third_person,50,48,1,0
Qwen3-14B,Base->Base,uppercase_thinking,50,0,0,0
Qwen3-14B,SFT->Base,alternating_case,50,1,16,35
Qwen3-14B,SFT->Base,arrow_prefix,50,0,2,50
Qwen3-14B,SFT->Base,end_of_sentence,50,1,1,50
Qwen3-14B,SFT->Base,lowercase_thinking,50,15,11,49
Qwen3-14B,SFT->Base,meow_between_words,50,0,45,49
Qwen3-14B,SFT->Base,repeat_sentences,50,0,3,50
Qwen3-14B,SFT->Base,third_person,50,50,36,50
Qwen3-14B,SFT->Base,uppercase_thinking,50,7,16,50
