Model,Pairing,Status,Cont_All_Mean,Cont_All_Strict_Count,Cont_All_N,Cont_NonChar_Mean,Cont_NonChar_Strict_Count,Cont_NonChar_N,Full_All_Mean,Full_All_Strict_Count
Qwen3-14B,Base -> Base (A2),OK,17.82,25.0,500.0,16.69,10.0,350.0,17.48,23.0
Qwen3-14B,Base -> SFT (A3),OK,16.7,21.0,500.0,15.18,8.0,350.0,16.55,20.0
Qwen3-14B,SFT -> Base (A1 / Prefix-ON),OK,37.34,109.0,500.0,32.3,67.0,350.0,36.28,85.0
Qwen3-14B,SFT -> SFT (A4),OK,32.07,96.0,500.0,28.68,62.0,350.0,30.93,73.0
Qwen3-14B,SFT -> Base OFF (A5),UNAVAILABLE (no raw records in repo),,,,,,,,
Phi-4-reasoning,Base -> Base (A2),OK,10.38,11.0,500.0,12.64,11.0,350.0,10.25,11.0
Phi-4-reasoning,Base -> SFT (A3),OK,14.46,36.0,500.0,17.18,36.0,350.0,13.08,34.0
Phi-4-reasoning,SFT -> Base (A1 / Prefix-ON),OK,10.92,15.0,500.0,13.36,15.0,350.0,10.44,13.0
Phi-4-reasoning,SFT -> SFT (A4),OK,18.07,69.0,500.0,22.01,69.0,350.0,16.99,68.0
Phi-4-reasoning,SFT -> Base OFF (A5),OK,9.89,12.0,500.0,11.94,12.0,350.0,9.74,12.0
