Model,Condition,Prefix,N,Continuation_Mean,Strict_Count
Phi-4-reasoning,Base->Base,prefix does not,400,10.21,0
Phi-4-reasoning,Base->SFT,prefix does not,400,12.24,13
Phi-4-reasoning,SFT->Base,prefix names/demonstrates constraint,42,39.35,0
Phi-4-reasoning,SFT->Base,prefix does not,358,6.42,0
Phi-4-reasoning,SFT->SFT,prefix names/demonstrates constraint,42,60.45,23
Phi-4-reasoning,SFT->SFT,prefix does not,358,8.82,13
Qwen3-14B,Base->Base,prefix names/demonstrates constraint,15,6.44,0
Qwen3-14B,Base->Base,prefix does not,385,19.12,19
Qwen3-14B,Base->SFT,prefix names/demonstrates constraint,15,19.52,2
Qwen3-14B,Base->SFT,prefix does not,385,18.15,13
Qwen3-14B,SFT->Base,prefix names/demonstrates constraint,130,55.44,53
Qwen3-14B,SFT->Base,prefix does not,270,20.92,37
Qwen3-14B,SFT->SFT,prefix names/demonstrates constraint,135,51.21,59
Qwen3-14B,SFT->SFT,prefix does not,265,17.05,25
