task,planned,completed,complete,missing,nonempty,mean_upstream_nonempty_original_semantics_observed,rate_099_nonempty_observed,rate_score_one_nonempty_observed,mean_completed_including_empty,mean_all_scheduled_including_empty,mean_closed_nontruncated_observed,empty_reasoning_count,unfinished_reasoning_count,missing_marker_count,token_limit_count,mean_generated_tokens_observed,mean_reasoning_tokens_reencoded_observed
arrow_prefix,50,50,True,0,50,0.0045000000000000005,0.0,0.0,0.0045000000000000005,0.0045000000000000005,0.0045000000000000005,0,0,0,0,586.84,173.08
third_person,50,50,True,0,50,0.8729103119103118,0.68,0.68,0.8729103119103118,0.8729103119103118,0.8703166448064408,0,1,0,1,771.52,280.58
word_suppression,50,50,True,0,50,0.34,0.34,0.34,0.34,0.34,0.34,0,0,0,0,622.8,186.7
multiple_word_suppression,50,50,True,0,50,0.22,0.22,0.22,0.22,0.22,0.22448979591836735,0,1,0,1,699.0,228.94
alternating_case,50,50,True,0,50,0.11734954345175279,0.0,0.0,0.11734954345175279,0.11734954345175279,0.11734954345175279,0,0,0,0,565.64,133.34
lowercase_thinking,50,50,True,0,50,0.017030222615361933,0.0,0.0,0.017030222615361933,0.017030222615361933,0.017030222615361933,0,0,0,0,624.44,195.68
uppercase_thinking,50,50,True,0,50,0.029906080777048517,0.0,0.0,0.029906080777048517,0.029906080777048517,0.029906080777048517,0,0,0,0,572.9,149.38
repeat_sentences,50,50,True,0,50,0.009005128205128204,0.0,0.0,0.009005128205128204,0.009005128205128204,0.009005128205128204,0,0,0,0,649.82,147.5
end_of_sentence,50,50,True,0,50,0.008833333333333334,0.0,0.0,0.008833333333333334,0.008833333333333334,0.008833333333333334,0,0,0,0,526.5,149.68
meow_between_words,50,50,True,0,50,0.0015317759710083802,0.0,0.0,0.0015317759710083802,0.0015317759710083802,0.0015630367051105922,0,0,0,1,607.18,139.24
