key,task,prompt_idx,q_code,quadrant,base_pass,sft_pass,early_reasoning_kl,downstream_reasoning_kl,reasoning_token_count
alternating_case:0,alternating_case,0,G3,"Group 3: SFT=FAIL, Base=FAIL (Concordant Fail)",False,False,0.1980851,0.03740530088543892,133
alternating_case:1,alternating_case,1,G3,"Group 3: SFT=FAIL, Base=FAIL (Concordant Fail)",False,False,0.5394783,0.14162635803222656,109
alternating_case:10,alternating_case,10,G3,"Group 3: SFT=FAIL, Base=FAIL (Concordant Fail)",False,False,2.1082864,0.5013536810874939,120
alternating_case:11,alternating_case,11,G3,"Group 3: SFT=FAIL, Base=FAIL (Concordant Fail)",False,False,0.84364766,0.3767559230327606,58
alternating_case:12,alternating_case,12,G3,"Group 3: SFT=FAIL, Base=FAIL (Concordant Fail)",False,False,1.0355221,0.4114217460155487,111
alternating_case:13,alternating_case,13,G3,"Group 3: SFT=FAIL, Base=FAIL (Concordant Fail)",False,False,0.5349661,0.45645928382873535,41
alternating_case:14,alternating_case,14,G3,"Group 3: SFT=FAIL, Base=FAIL (Concordant Fail)",False,False,0.79742783,0.23325157165527344,124
alternating_case:15,alternating_case,15,G3,"Group 3: SFT=FAIL, Base=FAIL (Concordant Fail)",False,False,1.0932987,0.3644953966140747,147
alternating_case:16,alternating_case,16,G3,"Group 3: SFT=FAIL, Base=FAIL (Concordant Fail)",False,False,1.2464769,0.4423533082008362,96
alternating_case:17,alternating_case,17,G3,"Group 3: SFT=FAIL, Base=FAIL (Concordant Fail)",False,False,1.1586668,0.7830171585083008,59
alternating_case:18,alternating_case,18,G3,"Group 3: SFT=FAIL, Base=FAIL (Concordant Fail)",False,False,1.1520238,0.960121214389801,36
alternating_case:19,alternating_case,19,G3,"Group 3: SFT=FAIL, Base=FAIL (Concordant Fail)",False,False,1.4456474,0.24316386878490448,336
alternating_case:2,alternating_case,2,G3,"Group 3: SFT=FAIL, Base=FAIL (Concordant Fail)",False,False,0.28407496,0.03206956386566162,187
alternating_case:20,alternating_case,20,G3,"Group 3: SFT=FAIL, Base=FAIL (Concordant Fail)",False,False,1.1375732,0.19546103477478027,221
alternating_case:21,alternating_case,21,G3,"Group 3: SFT=FAIL, Base=FAIL (Concordant Fail)",False,False,1.1383386,0.24450397491455078,173
alternating_case:22,alternating_case,22,G3,"Group 3: SFT=FAIL, Base=FAIL (Concordant Fail)",False,False,0.9041916,0.1427062451839447,222
alternating_case:23,alternating_case,23,G3,"Group 3: SFT=FAIL, Base=FAIL (Concordant Fail)",False,False,0.7345835,0.42765259742736816,63
alternating_case:24,alternating_case,24,G3,"Group 3: SFT=FAIL, Base=FAIL (Concordant Fail)",False,False,1.7075046,0.3465317189693451,111
alternating_case:25,alternating_case,25,G3,"Group 3: SFT=FAIL, Base=FAIL (Concordant Fail)",False,False,1.0605147,0.4504653811454773,115
alternating_case:26,alternating_case,26,G3,"Group 3: SFT=FAIL, Base=FAIL (Concordant Fail)",False,False,1.2708242,0.5047878623008728,46
alternating_case:27,alternating_case,27,G3,"Group 3: SFT=FAIL, Base=FAIL (Concordant Fail)",False,False,0.9030304,0.23773624002933502,200
alternating_case:28,alternating_case,28,G3,"Group 3: SFT=FAIL, Base=FAIL (Concordant Fail)",False,False,0.83954275,0.5453553199768066,107
alternating_case:29,alternating_case,29,G3,"Group 3: SFT=FAIL, Base=FAIL (Concordant Fail)",False,False,1.7272828,0.4141329824924469,105
alternating_case:3,alternating_case,3,G3,"Group 3: SFT=FAIL, Base=FAIL (Concordant Fail)",False,False,0.22905004,0.04377538710832596,263
alternating_case:30,alternating_case,30,G3,"Group 3: SFT=FAIL, Base=FAIL (Concordant Fail)",False,False,1.0261686,0.2258908599615097,248
alternating_case:31,alternating_case,31,G3,"Group 3: SFT=FAIL, Base=FAIL (Concordant Fail)",False,False,0.91963243,0.6545655131340027,25
alternating_case:32,alternating_case,32,G3,"Group 3: SFT=FAIL, Base=FAIL (Concordant Fail)",False,False,1.3081003,0.39815381169319153,79
alternating_case:33,alternating_case,33,G3,"Group 3: SFT=FAIL, Base=FAIL (Concordant Fail)",False,False,1.3151319,0.42705756425857544,91
alternating_case:34,alternating_case,34,G3,"Group 3: SFT=FAIL, Base=FAIL (Concordant Fail)",False,False,0.41116625,0.09517978131771088,82
alternating_case:35,alternating_case,35,G3,"Group 3: SFT=FAIL, Base=FAIL (Concordant Fail)",False,False,0.43770924,0.13353575766086578,47
alternating_case:36,alternating_case,36,G3,"Group 3: SFT=FAIL, Base=FAIL (Concordant Fail)",False,False,0.36727247,0.11014913767576218,137
alternating_case:37,alternating_case,37,G3,"Group 3: SFT=FAIL, Base=FAIL (Concordant Fail)",False,False,0.2942372,0.056439001113176346,108
alternating_case:38,alternating_case,38,G3,"Group 3: SFT=FAIL, Base=FAIL (Concordant Fail)",False,False,0.42929745,0.06744464486837387,178
alternating_case:39,alternating_case,39,G3,"Group 3: SFT=FAIL, Base=FAIL (Concordant Fail)",False,False,0.66388285,0.34068891406059265,82
alternating_case:4,alternating_case,4,G3,"Group 3: SFT=FAIL, Base=FAIL (Concordant Fail)",False,False,0.48913717,0.08669456094503403,245
alternating_case:40,alternating_case,40,G3,"Group 3: SFT=FAIL, Base=FAIL (Concordant Fail)",False,False,0.17241228,0.05027364194393158,540
alternating_case:41,alternating_case,41,G3,"Group 3: SFT=FAIL, Base=FAIL (Concordant Fail)",False,False,0.3115455,0.05882048234343529,115
alternating_case:42,alternating_case,42,G3,"Group 3: SFT=FAIL, Base=FAIL (Concordant Fail)",False,False,1.3588569,0.5441290140151978,56
alternating_case:43,alternating_case,43,G3,"Group 3: SFT=FAIL, Base=FAIL (Concordant Fail)",False,False,0.69316846,0.15564315021038055,68
alternating_case:44,alternating_case,44,G3,"Group 3: SFT=FAIL, Base=FAIL (Concordant Fail)",False,False,1.5700623,0.7089229226112366,29
alternating_case:45,alternating_case,45,G3,"Group 3: SFT=FAIL, Base=FAIL (Concordant Fail)",False,False,1.0158982,0.45510104298591614,191
alternating_case:46,alternating_case,46,G3,"Group 3: SFT=FAIL, Base=FAIL (Concordant Fail)",False,False,1.1062816,0.32213732600212097,136
alternating_case:47,alternating_case,47,G3,"Group 3: SFT=FAIL, Base=FAIL (Concordant Fail)",False,False,1.0243056,0.289114385843277,157
alternating_case:48,alternating_case,48,G3,"Group 3: SFT=FAIL, Base=FAIL (Concordant Fail)",False,False,1.0942237,0.535129189491272,79
alternating_case:49,alternating_case,49,G3,"Group 3: SFT=FAIL, Base=FAIL (Concordant Fail)",False,False,1.6768987,0.4929516613483429,71
alternating_case:5,alternating_case,5,G3,"Group 3: SFT=FAIL, Base=FAIL (Concordant Fail)",False,False,0.37298018,0.23039081692695618,96
alternating_case:6,alternating_case,6,G3,"Group 3: SFT=FAIL, Base=FAIL (Concordant Fail)",False,False,0.17446274,0.03488778695464134,166
alternating_case:7,alternating_case,7,G3,"Group 3: SFT=FAIL, Base=FAIL (Concordant Fail)",False,False,0.17650867,0.034571461379528046,166
alternating_case:8,alternating_case,8,G3,"Group 3: SFT=FAIL, Base=FAIL (Concordant Fail)",False,False,1.0815668,0.2975310981273651,129
alternating_case:9,alternating_case,9,G3,"Group 3: SFT=FAIL, Base=FAIL (Concordant Fail)",False,False,0.35496062,0.02295593172311783,163
arrow_prefix:0,arrow_prefix,0,G3,"Group 3: SFT=FAIL, Base=FAIL (Concordant Fail)",False,False,0.21308129,0.025249237194657326,156
arrow_prefix:1,arrow_prefix,1,G3,"Group 3: SFT=FAIL, Base=FAIL (Concordant Fail)",False,False,0.5050872,0.06386539340019226,204
arrow_prefix:10,arrow_prefix,10,G3,"Group 3: SFT=FAIL, Base=FAIL (Concordant Fail)",False,False,1.9838259,0.6081021428108215,90
arrow_prefix:11,arrow_prefix,11,G3,"Group 3: SFT=FAIL, Base=FAIL (Concordant Fail)",False,False,1.9667044,0.3839433491230011,253
arrow_prefix:12,arrow_prefix,12,G3,"Group 3: SFT=FAIL, Base=FAIL (Concordant Fail)",False,False,1.8743179,0.37008583545684814,93
arrow_prefix:13,arrow_prefix,13,G3,"Group 3: SFT=FAIL, Base=FAIL (Concordant Fail)",False,False,1.747475,0.608562707901001,72
arrow_prefix:14,arrow_prefix,14,G3,"Group 3: SFT=FAIL, Base=FAIL (Concordant Fail)",False,False,2.0567327,0.5894128084182739,94
arrow_prefix:15,arrow_prefix,15,G3,"Group 3: SFT=FAIL, Base=FAIL (Concordant Fail)",False,False,1.7988579,0.36537522077560425,178
arrow_prefix:16,arrow_prefix,16,G3,"Group 3: SFT=FAIL, Base=FAIL (Concordant Fail)",False,False,0.89434814,0.17201007902622223,190
arrow_prefix:17,arrow_prefix,17,G3,"Group 3: SFT=FAIL, Base=FAIL (Concordant Fail)",False,False,1.7162807,0.8098000288009644,64
arrow_prefix:18,arrow_prefix,18,G3,"Group 3: SFT=FAIL, Base=FAIL (Concordant Fail)",False,False,2.0125031,0.3450379967689514,102
arrow_prefix:19,arrow_prefix,19,G3,"Group 3: SFT=FAIL, Base=FAIL (Concordant Fail)",False,False,2.2994266,0.5786561965942383,80
arrow_prefix:2,arrow_prefix,2,G3,"Group 3: SFT=FAIL, Base=FAIL (Concordant Fail)",False,False,1.1936328,0.08468212187290192,225
arrow_prefix:20,arrow_prefix,20,G3,"Group 3: SFT=FAIL, Base=FAIL (Concordant Fail)",False,False,2.1395168,0.5823996663093567,97
arrow_prefix:21,arrow_prefix,21,G3,"Group 3: SFT=FAIL, Base=FAIL (Concordant Fail)",False,False,1.9707085,0.3196946978569031,133
arrow_prefix:22,arrow_prefix,22,G3,"Group 3: SFT=FAIL, Base=FAIL (Concordant Fail)",False,False,1.5552404,0.3316922187805176,143
arrow_prefix:23,arrow_prefix,23,G3,"Group 3: SFT=FAIL, Base=FAIL (Concordant Fail)",False,False,0.94632673,0.5242395997047424,82
arrow_prefix:24,arrow_prefix,24,G3,"Group 3: SFT=FAIL, Base=FAIL (Concordant Fail)",False,False,2.12013,0.26189541816711426,127
arrow_prefix:25,arrow_prefix,25,G3,"Group 3: SFT=FAIL, Base=FAIL (Concordant Fail)",False,False,0.96562195,0.6159512996673584,96
arrow_prefix:26,arrow_prefix,26,G3,"Group 3: SFT=FAIL, Base=FAIL (Concordant Fail)",False,False,2.2071006,0.3761030435562134,134
arrow_prefix:27,arrow_prefix,27,G3,"Group 3: SFT=FAIL, Base=FAIL (Concordant Fail)",False,False,1.126128,0.251181423664093,93
arrow_prefix:28,arrow_prefix,28,G3,"Group 3: SFT=FAIL, Base=FAIL (Concordant Fail)",False,False,2.2498174,0.6092534065246582,75
arrow_prefix:29,arrow_prefix,29,G3,"Group 3: SFT=FAIL, Base=FAIL (Concordant Fail)",False,False,2.3085208,0.4733099639415741,153
arrow_prefix:3,arrow_prefix,3,G3,"Group 3: SFT=FAIL, Base=FAIL (Concordant Fail)",False,False,0.28848225,0.04951469600200653,368
arrow_prefix:30,arrow_prefix,30,G3,"Group 3: SFT=FAIL, Base=FAIL (Concordant Fail)",False,False,0.6994557,0.36658579111099243,1690
arrow_prefix:31,arrow_prefix,31,G3,"Group 3: SFT=FAIL, Base=FAIL (Concordant Fail)",False,False,1.9166714,0.22558070719242096,277
arrow_prefix:32,arrow_prefix,32,G3,"Group 3: SFT=FAIL, Base=FAIL (Concordant Fail)",False,False,1.7952108,0.4939778745174408,205
arrow_prefix:33,arrow_prefix,33,G3,"Group 3: SFT=FAIL, Base=FAIL (Concordant Fail)",False,False,1.9466298,0.6099812388420105,94
arrow_prefix:34,arrow_prefix,34,G3,"Group 3: SFT=FAIL, Base=FAIL (Concordant Fail)",False,False,0.5162657,0.015521388500928879,189
arrow_prefix:35,arrow_prefix,35,G3,"Group 3: SFT=FAIL, Base=FAIL (Concordant Fail)",False,False,1.1247144,0.0871138647198677,170
arrow_prefix:36,arrow_prefix,36,G3,"Group 3: SFT=FAIL, Base=FAIL (Concordant Fail)",False,False,0.39807573,0.07377892732620239,153
arrow_prefix:37,arrow_prefix,37,G3,"Group 3: SFT=FAIL, Base=FAIL (Concordant Fail)",False,False,0.3319823,0.048249468207359314,171
arrow_prefix:38,arrow_prefix,38,G3,"Group 3: SFT=FAIL, Base=FAIL (Concordant Fail)",False,False,0.47091046,0.033358074724674225,183
arrow_prefix:39,arrow_prefix,39,G3,"Group 3: SFT=FAIL, Base=FAIL (Concordant Fail)",False,False,0.38341826,0.05362889543175697,118
arrow_prefix:4,arrow_prefix,4,G3,"Group 3: SFT=FAIL, Base=FAIL (Concordant Fail)",False,False,1.7249453,0.14404329657554626,224
arrow_prefix:40,arrow_prefix,40,G3,"Group 3: SFT=FAIL, Base=FAIL (Concordant Fail)",False,False,0.6875521,0.13190460205078125,146
arrow_prefix:41,arrow_prefix,41,G3,"Group 3: SFT=FAIL, Base=FAIL (Concordant Fail)",False,False,0.45483238,0.04403790086507797,169
arrow_prefix:42,arrow_prefix,42,G3,"Group 3: SFT=FAIL, Base=FAIL (Concordant Fail)",False,False,1.6048944,0.41952812671661377,119
arrow_prefix:43,arrow_prefix,43,G3,"Group 3: SFT=FAIL, Base=FAIL (Concordant Fail)",False,False,1.691,0.8796234726905823,108
arrow_prefix:44,arrow_prefix,44,G3,"Group 3: SFT=FAIL, Base=FAIL (Concordant Fail)",False,False,2.0279238,0.8931517601013184,101
arrow_prefix:45,arrow_prefix,45,G3,"Group 3: SFT=FAIL, Base=FAIL (Concordant Fail)",False,False,1.8923371,0.529984712600708,32
arrow_prefix:46,arrow_prefix,46,G3,"Group 3: SFT=FAIL, Base=FAIL (Concordant Fail)",False,False,1.5019258,0.6919613480567932,102
arrow_prefix:47,arrow_prefix,47,G3,"Group 3: SFT=FAIL, Base=FAIL (Concordant Fail)",False,False,1.7692658,0.40972384810447693,93
arrow_prefix:48,arrow_prefix,48,G3,"Group 3: SFT=FAIL, Base=FAIL (Concordant Fail)",False,False,2.0800061,0.3709351420402527,114
arrow_prefix:49,arrow_prefix,49,G3,"Group 3: SFT=FAIL, Base=FAIL (Concordant Fail)",False,False,1.996968,0.3623037338256836,85
arrow_prefix:5,arrow_prefix,5,G3,"Group 3: SFT=FAIL, Base=FAIL (Concordant Fail)",False,False,0.46797824,0.15841542184352875,108
arrow_prefix:6,arrow_prefix,6,G3,"Group 3: SFT=FAIL, Base=FAIL (Concordant Fail)",False,False,0.20321186,0.025406667962670326,159
arrow_prefix:7,arrow_prefix,7,G3,"Group 3: SFT=FAIL, Base=FAIL (Concordant Fail)",False,False,0.4914177,0.23092715442180634,73
arrow_prefix:8,arrow_prefix,8,G3,"Group 3: SFT=FAIL, Base=FAIL (Concordant Fail)",False,False,2.015366,0.20471011102199554,143
arrow_prefix:9,arrow_prefix,9,G3,"Group 3: SFT=FAIL, Base=FAIL (Concordant Fail)",False,False,0.39500505,0.023813722655177116,326
end_of_sentence:0,end_of_sentence,0,G3,"Group 3: SFT=FAIL, Base=FAIL (Concordant Fail)",False,False,0.148122,0.020485326647758484,595
end_of_sentence:1,end_of_sentence,1,G3,"Group 3: SFT=FAIL, Base=FAIL (Concordant Fail)",False,False,0.41811776,0.10069049149751663,162
end_of_sentence:10,end_of_sentence,10,G3,"Group 3: SFT=FAIL, Base=FAIL (Concordant Fail)",False,False,0.5799769,0.13199178874492645,279
end_of_sentence:11,end_of_sentence,11,G3,"Group 3: SFT=FAIL, Base=FAIL (Concordant Fail)",False,False,1.6656878,0.5191843509674072,70
end_of_sentence:12,end_of_sentence,12,G3,"Group 3: SFT=FAIL, Base=FAIL (Concordant Fail)",False,False,0.558034,0.396786093711853,59
end_of_sentence:13,end_of_sentence,13,G3,"Group 3: SFT=FAIL, Base=FAIL (Concordant Fail)",False,False,1.524925,0.3487184941768646,58
end_of_sentence:14,end_of_sentence,14,G3,"Group 3: SFT=FAIL, Base=FAIL (Concordant Fail)",False,False,0.8433898,0.4497862160205841,84
end_of_sentence:15,end_of_sentence,15,G3,"Group 3: SFT=FAIL, Base=FAIL (Concordant Fail)",False,False,1.397442,0.3608572781085968,130
end_of_sentence:16,end_of_sentence,16,G3,"Group 3: SFT=FAIL, Base=FAIL (Concordant Fail)",False,False,1.359954,0.45548033714294434,81
end_of_sentence:17,end_of_sentence,17,G3,"Group 3: SFT=FAIL, Base=FAIL (Concordant Fail)",False,False,1.4758595,0.3804554343223572,147
end_of_sentence:18,end_of_sentence,18,G3,"Group 3: SFT=FAIL, Base=FAIL (Concordant Fail)",False,False,1.4280671,0.5916698575019836,114
end_of_sentence:19,end_of_sentence,19,G3,"Group 3: SFT=FAIL, Base=FAIL (Concordant Fail)",False,False,1.6284759,0.5333583950996399,86
end_of_sentence:2,end_of_sentence,2,G3,"Group 3: SFT=FAIL, Base=FAIL (Concordant Fail)",False,False,0.28493902,0.03093748539686203,155
end_of_sentence:20,end_of_sentence,20,G3,"Group 3: SFT=FAIL, Base=FAIL (Concordant Fail)",False,False,1.9541775,0.3751369118690491,299
end_of_sentence:21,end_of_sentence,21,G3,"Group 3: SFT=FAIL, Base=FAIL (Concordant Fail)",False,False,1.5681477,0.4477587938308716,185
end_of_sentence:22,end_of_sentence,22,G3,"Group 3: SFT=FAIL, Base=FAIL (Concordant Fail)",False,False,1.2552516,0.35291433334350586,136
end_of_sentence:23,end_of_sentence,23,G3,"Group 3: SFT=FAIL, Base=FAIL (Concordant Fail)",False,False,0.73486817,0.27756255865097046,164
end_of_sentence:24,end_of_sentence,24,G3,"Group 3: SFT=FAIL, Base=FAIL (Concordant Fail)",False,False,0.80893815,0.14396490156650543,122
end_of_sentence:25,end_of_sentence,25,G3,"Group 3: SFT=FAIL, Base=FAIL (Concordant Fail)",False,False,2.3873277,0.35392171144485474,67
end_of_sentence:26,end_of_sentence,26,G3,"Group 3: SFT=FAIL, Base=FAIL (Concordant Fail)",False,False,1.7424324,0.4402863085269928,131
end_of_sentence:27,end_of_sentence,27,G3,"Group 3: SFT=FAIL, Base=FAIL (Concordant Fail)",False,False,1.5787331,0.35394561290740967,140
end_of_sentence:28,end_of_sentence,28,G3,"Group 3: SFT=FAIL, Base=FAIL (Concordant Fail)",False,False,1.6539835,0.393094927072525,153
end_of_sentence:29,end_of_sentence,29,G3,"Group 3: SFT=FAIL, Base=FAIL (Concordant Fail)",False,False,1.4970205,0.40854611992836,114
end_of_sentence:3,end_of_sentence,3,G3,"Group 3: SFT=FAIL, Base=FAIL (Concordant Fail)",False,False,0.12029813,0.04045678302645683,290
end_of_sentence:30,end_of_sentence,30,G3,"Group 3: SFT=FAIL, Base=FAIL (Concordant Fail)",False,False,1.9076065,0.5762653350830078,31
end_of_sentence:31,end_of_sentence,31,G3,"Group 3: SFT=FAIL, Base=FAIL (Concordant Fail)",False,False,1.1920496,0.4695439636707306,79
end_of_sentence:32,end_of_sentence,32,G3,"Group 3: SFT=FAIL, Base=FAIL (Concordant Fail)",False,False,1.266052,0.26782676577568054,328
end_of_sentence:33,end_of_sentence,33,G3,"Group 3: SFT=FAIL, Base=FAIL (Concordant Fail)",False,False,1.6761595,0.1379069983959198,93
end_of_sentence:34,end_of_sentence,34,G3,"Group 3: SFT=FAIL, Base=FAIL (Concordant Fail)",False,False,0.35786992,0.0205981582403183,177
end_of_sentence:35,end_of_sentence,35,G3,"Group 3: SFT=FAIL, Base=FAIL (Concordant Fail)",False,False,0.58771867,0.13991470634937286,34
end_of_sentence:36,end_of_sentence,36,G3,"Group 3: SFT=FAIL, Base=FAIL (Concordant Fail)",False,False,0.42097694,0.038078662008047104,126
end_of_sentence:37,end_of_sentence,37,G3,"Group 3: SFT=FAIL, Base=FAIL (Concordant Fail)",False,False,0.81145114,0.05928083509206772,132
end_of_sentence:38,end_of_sentence,38,G3,"Group 3: SFT=FAIL, Base=FAIL (Concordant Fail)",False,False,0.55219823,0.441926509141922,32
end_of_sentence:39,end_of_sentence,39,G3,"Group 3: SFT=FAIL, Base=FAIL (Concordant Fail)",False,False,0.7637381,0.18200185894966125,155
end_of_sentence:4,end_of_sentence,4,G3,"Group 3: SFT=FAIL, Base=FAIL (Concordant Fail)",False,False,1.201234,0.41686302423477173,85
end_of_sentence:40,end_of_sentence,40,G3,"Group 3: SFT=FAIL, Base=FAIL (Concordant Fail)",False,False,0.122356355,0.03917718306183815,425
end_of_sentence:41,end_of_sentence,41,G3,"Group 3: SFT=FAIL, Base=FAIL (Concordant Fail)",False,False,0.6439451,0.10443203151226044,293
end_of_sentence:42,end_of_sentence,42,G3,"Group 3: SFT=FAIL, Base=FAIL (Concordant Fail)",False,False,1.5076692,0.4771271347999573,75
end_of_sentence:43,end_of_sentence,43,G3,"Group 3: SFT=FAIL, Base=FAIL (Concordant Fail)",False,False,1.2911907,0.49867287278175354,63
end_of_sentence:44,end_of_sentence,44,G3,"Group 3: SFT=FAIL, Base=FAIL (Concordant Fail)",False,False,2.466435,0.49171537160873413,49
end_of_sentence:45,end_of_sentence,45,G3,"Group 3: SFT=FAIL, Base=FAIL (Concordant Fail)",False,False,1.6807913,0.5067914724349976,86
end_of_sentence:46,end_of_sentence,46,G3,"Group 3: SFT=FAIL, Base=FAIL (Concordant Fail)",False,False,1.4107696,0.6112715601921082,53
end_of_sentence:47,end_of_sentence,47,G3,"Group 3: SFT=FAIL, Base=FAIL (Concordant Fail)",False,False,1.3729937,0.5324175953865051,79
end_of_sentence:48,end_of_sentence,48,G3,"Group 3: SFT=FAIL, Base=FAIL (Concordant Fail)",False,False,1.3177104,0.4200844466686249,67
end_of_sentence:49,end_of_sentence,49,G3,"Group 3: SFT=FAIL, Base=FAIL (Concordant Fail)",False,False,0.63462734,0.4197344481945038,125
end_of_sentence:5,end_of_sentence,5,G3,"Group 3: SFT=FAIL, Base=FAIL (Concordant Fail)",False,False,0.3593577,0.148428276181221,173
end_of_sentence:6,end_of_sentence,6,G3,"Group 3: SFT=FAIL, Base=FAIL (Concordant Fail)",False,False,0.26065552,0.05329008027911186,182
end_of_sentence:7,end_of_sentence,7,G3,"Group 3: SFT=FAIL, Base=FAIL (Concordant Fail)",False,False,0.12744614,0.03006753697991371,159
end_of_sentence:8,end_of_sentence,8,G3,"Group 3: SFT=FAIL, Base=FAIL (Concordant Fail)",False,False,0.5051473,0.15657225251197815,351
end_of_sentence:9,end_of_sentence,9,G3,"Group 3: SFT=FAIL, Base=FAIL (Concordant Fail)",False,False,0.16002,0.029282379895448685,211
lowercase_thinking:0,lowercase_thinking,0,G3,"Group 3: SFT=FAIL, Base=FAIL (Concordant Fail)",False,False,0.16235968,0.014447646215558052,257
lowercase_thinking:1,lowercase_thinking,1,G3,"Group 3: SFT=FAIL, Base=FAIL (Concordant Fail)",False,False,0.425749,0.11407666653394699,168
lowercase_thinking:10,lowercase_thinking,10,G3,"Group 3: SFT=FAIL, Base=FAIL (Concordant Fail)",False,False,1.7433872,0.2722112536430359,154
lowercase_thinking:11,lowercase_thinking,11,G3,"Group 3: SFT=FAIL, Base=FAIL (Concordant Fail)",False,False,1.7007601,0.5982992649078369,53
lowercase_thinking:12,lowercase_thinking,12,G3,"Group 3: SFT=FAIL, Base=FAIL (Concordant Fail)",False,False,0.7640139,0.07976387441158295,381
lowercase_thinking:13,lowercase_thinking,13,G3,"Group 3: SFT=FAIL, Base=FAIL (Concordant Fail)",False,False,1.5442232,0.3136216402053833,74
lowercase_thinking:14,lowercase_thinking,14,G3,"Group 3: SFT=FAIL, Base=FAIL (Concordant Fail)",False,False,1.891362,0.4515509605407715,127
lowercase_thinking:15,lowercase_thinking,15,G3,"Group 3: SFT=FAIL, Base=FAIL (Concordant Fail)",False,False,1.561657,0.4213464558124542,150
lowercase_thinking:16,lowercase_thinking,16,G3,"Group 3: SFT=FAIL, Base=FAIL (Concordant Fail)",False,False,2.1705413,0.7091107368469238,46
lowercase_thinking:17,lowercase_thinking,17,G3,"Group 3: SFT=FAIL, Base=FAIL (Concordant Fail)",False,False,2.1497846,0.2600677013397217,395
lowercase_thinking:18,lowercase_thinking,18,G3,"Group 3: SFT=FAIL, Base=FAIL (Concordant Fail)",False,False,2.1023047,0.38280755281448364,77
lowercase_thinking:19,lowercase_thinking,19,G3,"Group 3: SFT=FAIL, Base=FAIL (Concordant Fail)",False,False,1.675976,0.4788731038570404,104
lowercase_thinking:2,lowercase_thinking,2,G3,"Group 3: SFT=FAIL, Base=FAIL (Concordant Fail)",False,False,0.20786116,0.12566933035850525,98
lowercase_thinking:20,lowercase_thinking,20,G3,"Group 3: SFT=FAIL, Base=FAIL (Concordant Fail)",False,False,0.7763279,0.23654715716838837,161
lowercase_thinking:21,lowercase_thinking,21,G3,"Group 3: SFT=FAIL, Base=FAIL (Concordant Fail)",False,False,1.7500451,0.2766297459602356,491
lowercase_thinking:22,lowercase_thinking,22,G3,"Group 3: SFT=FAIL, Base=FAIL (Concordant Fail)",False,False,1.5127416,0.4465056359767914,94
lowercase_thinking:23,lowercase_thinking,23,G3,"Group 3: SFT=FAIL, Base=FAIL (Concordant Fail)",False,False,0.8778864,0.5078927874565125,79
lowercase_thinking:24,lowercase_thinking,24,G3,"Group 3: SFT=FAIL, Base=FAIL (Concordant Fail)",False,False,1.5826346,0.8717554211616516,54
lowercase_thinking:25,lowercase_thinking,25,G3,"Group 3: SFT=FAIL, Base=FAIL (Concordant Fail)",False,False,1.7729347,0.6693594455718994,285
lowercase_thinking:26,lowercase_thinking,26,G3,"Group 3: SFT=FAIL, Base=FAIL (Concordant Fail)",False,False,0.829913,0.33498355746269226,92
lowercase_thinking:27,lowercase_thinking,27,G3,"Group 3: SFT=FAIL, Base=FAIL (Concordant Fail)",False,False,2.143609,0.5246932506561279,49
lowercase_thinking:28,lowercase_thinking,28,G3,"Group 3: SFT=FAIL, Base=FAIL (Concordant Fail)",False,False,2.3957274,0.8197453618049622,187
lowercase_thinking:29,lowercase_thinking,29,G3,"Group 3: SFT=FAIL, Base=FAIL (Concordant Fail)",False,False,1.4509298,0.40685856342315674,109
lowercase_thinking:3,lowercase_thinking,3,G3,"Group 3: SFT=FAIL, Base=FAIL (Concordant Fail)",False,False,0.15086338,0.02933591790497303,383
lowercase_thinking:30,lowercase_thinking,30,G3,"Group 3: SFT=FAIL, Base=FAIL (Concordant Fail)",False,False,1.477173,0.38232341408729553,229
lowercase_thinking:31,lowercase_thinking,31,G3,"Group 3: SFT=FAIL, Base=FAIL (Concordant Fail)",False,False,1.7792785,0.27440381050109863,439
lowercase_thinking:32,lowercase_thinking,32,G3,"Group 3: SFT=FAIL, Base=FAIL (Concordant Fail)",False,False,1.557586,0.33795639872550964,252
lowercase_thinking:33,lowercase_thinking,33,G3,"Group 3: SFT=FAIL, Base=FAIL (Concordant Fail)",False,False,2.0722904,0.24690501391887665,144
lowercase_thinking:34,lowercase_thinking,34,G3,"Group 3: SFT=FAIL, Base=FAIL (Concordant Fail)",False,False,0.4531382,0.13503499329090118,58
lowercase_thinking:35,lowercase_thinking,35,G3,"Group 3: SFT=FAIL, Base=FAIL (Concordant Fail)",False,False,0.3840763,0.17921723425388336,165
lowercase_thinking:36,lowercase_thinking,36,G3,"Group 3: SFT=FAIL, Base=FAIL (Concordant Fail)",False,False,0.22233522,0.04392128437757492,191
lowercase_thinking:37,lowercase_thinking,37,G3,"Group 3: SFT=FAIL, Base=FAIL (Concordant Fail)",False,False,0.15867764,0.03664704039692879,244
lowercase_thinking:38,lowercase_thinking,38,G3,"Group 3: SFT=FAIL, Base=FAIL (Concordant Fail)",False,False,0.44319016,0.04199891909956932,468
lowercase_thinking:39,lowercase_thinking,39,G3,"Group 3: SFT=FAIL, Base=FAIL (Concordant Fail)",False,False,0.18718885,0.026610825210809708,186
lowercase_thinking:4,lowercase_thinking,4,G3,"Group 3: SFT=FAIL, Base=FAIL (Concordant Fail)",False,False,0.36654696,0.03962298110127449,258
lowercase_thinking:40,lowercase_thinking,40,G3,"Group 3: SFT=FAIL, Base=FAIL (Concordant Fail)",False,False,0.115505874,0.04909927397966385,296
lowercase_thinking:41,lowercase_thinking,41,G3,"Group 3: SFT=FAIL, Base=FAIL (Concordant Fail)",False,False,0.194545,0.13725294172763824,79
lowercase_thinking:42,lowercase_thinking,42,G3,"Group 3: SFT=FAIL, Base=FAIL (Concordant Fail)",False,False,1.7530371,0.42574360966682434,99
lowercase_thinking:43,lowercase_thinking,43,G3,"Group 3: SFT=FAIL, Base=FAIL (Concordant Fail)",False,False,1.2038313,0.13127605617046356,142
lowercase_thinking:44,lowercase_thinking,44,G3,"Group 3: SFT=FAIL, Base=FAIL (Concordant Fail)",False,False,1.6471345,0.45608824491500854,135
lowercase_thinking:45,lowercase_thinking,45,G3,"Group 3: SFT=FAIL, Base=FAIL (Concordant Fail)",False,False,1.6374063,0.31393712759017944,295
lowercase_thinking:46,lowercase_thinking,46,G3,"Group 3: SFT=FAIL, Base=FAIL (Concordant Fail)",False,False,0.92141837,0.3527478277683258,151
lowercase_thinking:47,lowercase_thinking,47,G3,"Group 3: SFT=FAIL, Base=FAIL (Concordant Fail)",False,False,0.8251246,0.5079846978187561,69
lowercase_thinking:48,lowercase_thinking,48,G3,"Group 3: SFT=FAIL, Base=FAIL (Concordant Fail)",False,False,2.102555,0.5429118871688843,124
lowercase_thinking:49,lowercase_thinking,49,G3,"Group 3: SFT=FAIL, Base=FAIL (Concordant Fail)",False,False,2.0415664,0.5595215559005737,100
lowercase_thinking:5,lowercase_thinking,5,G3,"Group 3: SFT=FAIL, Base=FAIL (Concordant Fail)",False,False,0.2802931,0.12156489491462708,763
lowercase_thinking:6,lowercase_thinking,6,G3,"Group 3: SFT=FAIL, Base=FAIL (Concordant Fail)",False,False,0.079092935,0.030599670484662056,221
lowercase_thinking:7,lowercase_thinking,7,G3,"Group 3: SFT=FAIL, Base=FAIL (Concordant Fail)",False,False,0.09519306,0.022423146292567253,262
lowercase_thinking:8,lowercase_thinking,8,G3,"Group 3: SFT=FAIL, Base=FAIL (Concordant Fail)",False,False,0.5358955,0.14384788274765015,188
lowercase_thinking:9,lowercase_thinking,9,G3,"Group 3: SFT=FAIL, Base=FAIL (Concordant Fail)",False,False,0.18911192,0.019313914701342583,158
meow_between_words:0,meow_between_words,0,G3,"Group 3: SFT=FAIL, Base=FAIL (Concordant Fail)",False,False,0.39302403,0.030420511960983276,114
meow_between_words:1,meow_between_words,1,G3,"Group 3: SFT=FAIL, Base=FAIL (Concordant Fail)",False,False,1.2231045,0.05586012825369835,136
meow_between_words:10,meow_between_words,10,G3,"Group 3: SFT=FAIL, Base=FAIL (Concordant Fail)",False,False,1.5054395,0.43272319436073303,76
meow_between_words:11,meow_between_words,11,G3,"Group 3: SFT=FAIL, Base=FAIL (Concordant Fail)",False,False,1.7995294,0.6064931750297546,72
meow_between_words:12,meow_between_words,12,G3,"Group 3: SFT=FAIL, Base=FAIL (Concordant Fail)",False,False,0.7125397,0.3318777084350586,72
meow_between_words:13,meow_between_words,13,G3,"Group 3: SFT=FAIL, Base=FAIL (Concordant Fail)",False,False,1.2469591,0.3340650498867035,86
meow_between_words:14,meow_between_words,14,G3,"Group 3: SFT=FAIL, Base=FAIL (Concordant Fail)",False,False,0.89544886,0.43740394711494446,93
meow_between_words:15,meow_between_words,15,G3,"Group 3: SFT=FAIL, Base=FAIL (Concordant Fail)",False,False,1.5667465,0.31686824560165405,226
meow_between_words:16,meow_between_words,16,G3,"Group 3: SFT=FAIL, Base=FAIL (Concordant Fail)",False,False,1.3754164,0.6201115846633911,70
meow_between_words:17,meow_between_words,17,G3,"Group 3: SFT=FAIL, Base=FAIL (Concordant Fail)",False,False,1.5756435,0.3469739556312561,142
meow_between_words:18,meow_between_words,18,G3,"Group 3: SFT=FAIL, Base=FAIL (Concordant Fail)",False,False,1.2122633,0.3737916052341461,41
meow_between_words:19,meow_between_words,19,G3,"Group 3: SFT=FAIL, Base=FAIL (Concordant Fail)",False,False,1.8931673,0.5560754537582397,50
meow_between_words:2,meow_between_words,2,G3,"Group 3: SFT=FAIL, Base=FAIL (Concordant Fail)",False,False,0.7867118,0.15808846056461334,92
meow_between_words:20,meow_between_words,20,G3,"Group 3: SFT=FAIL, Base=FAIL (Concordant Fail)",False,False,1.6663796,0.42367491126060486,117
meow_between_words:21,meow_between_words,21,G3,"Group 3: SFT=FAIL, Base=FAIL (Concordant Fail)",False,False,1.6388365,0.7184377908706665,500
meow_between_words:22,meow_between_words,22,G3,"Group 3: SFT=FAIL, Base=FAIL (Concordant Fail)",False,False,2.2563474,0.2748821973800659,141
meow_between_words:23,meow_between_words,23,G3,"Group 3: SFT=FAIL, Base=FAIL (Concordant Fail)",False,False,1.2059596,0.492159366607666,109
meow_between_words:24,meow_between_words,24,G3,"Group 3: SFT=FAIL, Base=FAIL (Concordant Fail)",False,False,1.8340905,0.3700449764728546,202
meow_between_words:25,meow_between_words,25,G3,"Group 3: SFT=FAIL, Base=FAIL (Concordant Fail)",False,False,2.0653305,0.35508549213409424,149
meow_between_words:26,meow_between_words,26,G3,"Group 3: SFT=FAIL, Base=FAIL (Concordant Fail)",False,False,1.6150852,0.36346709728240967,58
meow_between_words:27,meow_between_words,27,G3,"Group 3: SFT=FAIL, Base=FAIL (Concordant Fail)",False,False,1.91946,0.16997644305229187,137
meow_between_words:28,meow_between_words,28,G3,"Group 3: SFT=FAIL, Base=FAIL (Concordant Fail)",False,False,1.6395601,0.456093430519104,209
meow_between_words:29,meow_between_words,29,G3,"Group 3: SFT=FAIL, Base=FAIL (Concordant Fail)",False,False,2.1311545,0.4539037048816681,106
meow_between_words:3,meow_between_words,3,G3,"Group 3: SFT=FAIL, Base=FAIL (Concordant Fail)",False,False,0.7596229,0.06739312410354614,225
meow_between_words:30,meow_between_words,30,G3,"Group 3: SFT=FAIL, Base=FAIL (Concordant Fail)",False,False,2.1393943,0.6345096230506897,35
meow_between_words:31,meow_between_words,31,G3,"Group 3: SFT=FAIL, Base=FAIL (Concordant Fail)",False,False,1.920964,0.4794868528842926,96
meow_between_words:32,meow_between_words,32,G3,"Group 3: SFT=FAIL, Base=FAIL (Concordant Fail)",False,False,1.5605128,0.27830249071121216,147
meow_between_words:33,meow_between_words,33,G3,"Group 3: SFT=FAIL, Base=FAIL (Concordant Fail)",False,False,1.9038246,0.5693197846412659,126
meow_between_words:34,meow_between_words,34,G3,"Group 3: SFT=FAIL, Base=FAIL (Concordant Fail)",False,False,0.42085776,0.014745078049600124,148
meow_between_words:35,meow_between_words,35,G3,"Group 3: SFT=FAIL, Base=FAIL (Concordant Fail)",False,False,0.9841358,0.17864304780960083,81
meow_between_words:36,meow_between_words,36,G3,"Group 3: SFT=FAIL, Base=FAIL (Concordant Fail)",False,False,0.93923885,0.28427162766456604,77
meow_between_words:37,meow_between_words,37,G3,"Group 3: SFT=FAIL, Base=FAIL (Concordant Fail)",False,False,1.0276886,0.10994095355272293,152
meow_between_words:38,meow_between_words,38,G3,"Group 3: SFT=FAIL, Base=FAIL (Concordant Fail)",False,False,1.1959945,,9
meow_between_words:39,meow_between_words,39,G3,"Group 3: SFT=FAIL, Base=FAIL (Concordant Fail)",False,False,1.1430395,0.10630984604358673,175
meow_between_words:4,meow_between_words,4,G3,"Group 3: SFT=FAIL, Base=FAIL (Concordant Fail)",False,False,0.9435213,0.14351239800453186,192
meow_between_words:40,meow_between_words,40,G3,"Group 3: SFT=FAIL, Base=FAIL (Concordant Fail)",False,False,0.30512717,0.04279956594109535,1020
meow_between_words:41,meow_between_words,41,G3,"Group 3: SFT=FAIL, Base=FAIL (Concordant Fail)",False,False,0.7855402,0.1669551134109497,86
meow_between_words:42,meow_between_words,42,G3,"Group 3: SFT=FAIL, Base=FAIL (Concordant Fail)",False,False,1.4234099,0.39518871903419495,83
meow_between_words:43,meow_between_words,43,G3,"Group 3: SFT=FAIL, Base=FAIL (Concordant Fail)",False,False,1.4242418,0.5444695949554443,87
meow_between_words:44,meow_between_words,44,G3,"Group 3: SFT=FAIL, Base=FAIL (Concordant Fail)",False,False,2.1974568,0.9107711315155029,46
meow_between_words:45,meow_between_words,45,G3,"Group 3: SFT=FAIL, Base=FAIL (Concordant Fail)",False,False,2.5707986,0.49495306611061096,71
meow_between_words:46,meow_between_words,46,G3,"Group 3: SFT=FAIL, Base=FAIL (Concordant Fail)",False,False,1.3240659,0.4125897288322449,106
meow_between_words:47,meow_between_words,47,G3,"Group 3: SFT=FAIL, Base=FAIL (Concordant Fail)",False,False,1.7651676,0.6185861229896545,113
meow_between_words:48,meow_between_words,48,G3,"Group 3: SFT=FAIL, Base=FAIL (Concordant Fail)",False,False,1.9358699,0.4151400029659271,92
meow_between_words:49,meow_between_words,49,G3,"Group 3: SFT=FAIL, Base=FAIL (Concordant Fail)",False,False,2.1033847,0.5245305299758911,70
meow_between_words:5,meow_between_words,5,G3,"Group 3: SFT=FAIL, Base=FAIL (Concordant Fail)",False,False,0.6073177,0.3040805757045746,116
meow_between_words:6,meow_between_words,6,G3,"Group 3: SFT=FAIL, Base=FAIL (Concordant Fail)",False,False,0.39999998,0.0458856038749218,109
meow_between_words:7,meow_between_words,7,G3,"Group 3: SFT=FAIL, Base=FAIL (Concordant Fail)",False,False,0.33031693,0.019360681995749474,267
meow_between_words:8,meow_between_words,8,G3,"Group 3: SFT=FAIL, Base=FAIL (Concordant Fail)",False,False,1.3260477,0.2125954031944275,92
meow_between_words:9,meow_between_words,9,G3,"Group 3: SFT=FAIL, Base=FAIL (Concordant Fail)",False,False,0.7932094,0.04552421718835831,143
multiple_word_suppression:0,multiple_word_suppression,0,G3,"Group 3: SFT=FAIL, Base=FAIL (Concordant Fail)",False,False,0.23435888,0.11582297086715698,119
multiple_word_suppression:1,multiple_word_suppression,1,G3,"Group 3: SFT=FAIL, Base=FAIL (Concordant Fail)",False,False,1.2237942,0.13374033570289612,92
multiple_word_suppression:10,multiple_word_suppression,10,G3,"Group 3: SFT=FAIL, Base=FAIL (Concordant Fail)",False,False,1.0012877,0.4052064120769501,87
multiple_word_suppression:11,multiple_word_suppression,11,G3,"Group 3: SFT=FAIL, Base=FAIL (Concordant Fail)",False,False,2.0087004,0.6610695123672485,67
multiple_word_suppression:12,multiple_word_suppression,12,G3,"Group 3: SFT=FAIL, Base=FAIL (Concordant Fail)",False,False,1.8089317,0.4303019642829895,142
multiple_word_suppression:13,multiple_word_suppression,13,G3,"Group 3: SFT=FAIL, Base=FAIL (Concordant Fail)",False,False,1.5504814,0.2760876417160034,168
multiple_word_suppression:14,multiple_word_suppression,14,G3,"Group 3: SFT=FAIL, Base=FAIL (Concordant Fail)",False,False,1.9488621,0.5531038641929626,217
multiple_word_suppression:15,multiple_word_suppression,15,G3,"Group 3: SFT=FAIL, Base=FAIL (Concordant Fail)",False,False,0.7459067,0.36336007714271545,89
multiple_word_suppression:16,multiple_word_suppression,16,G2,"Group 2: SFT=PASS, Base=PASS (Concordant Pass)",True,True,2.2509656,0.4904492199420929,108
multiple_word_suppression:17,multiple_word_suppression,17,G1,"Group 1: SFT=PASS, Base=FAIL (Focal Signal)",False,True,1.9904706,0.6630094051361084,81
multiple_word_suppression:18,multiple_word_suppression,18,G3,"Group 3: SFT=FAIL, Base=FAIL (Concordant Fail)",False,False,1.8850842,0.3964657187461853,127
multiple_word_suppression:19,multiple_word_suppression,19,G3,"Group 3: SFT=FAIL, Base=FAIL (Concordant Fail)",False,False,1.8838384,0.39934399724006653,271
multiple_word_suppression:2,multiple_word_suppression,2,G1,"Group 1: SFT=PASS, Base=FAIL (Focal Signal)",False,True,1.5893794,0.09654566645622253,101
multiple_word_suppression:20,multiple_word_suppression,20,G2,"Group 2: SFT=PASS, Base=PASS (Concordant Pass)",True,True,2.6672726,0.4420078694820404,105
multiple_word_suppression:21,multiple_word_suppression,21,G3,"Group 3: SFT=FAIL, Base=FAIL (Concordant Fail)",False,False,2.0216165,0.4308003783226013,204
multiple_word_suppression:22,multiple_word_suppression,22,G3,"Group 3: SFT=FAIL, Base=FAIL (Concordant Fail)",False,False,2.1749842,0.6273415088653564,99
multiple_word_suppression:23,multiple_word_suppression,23,G3,"Group 3: SFT=FAIL, Base=FAIL (Concordant Fail)",False,False,1.5728627,0.48260074853897095,196
multiple_word_suppression:24,multiple_word_suppression,24,G3,"Group 3: SFT=FAIL, Base=FAIL (Concordant Fail)",False,False,1.8482965,0.21802224218845367,256
multiple_word_suppression:25,multiple_word_suppression,25,G1,"Group 1: SFT=PASS, Base=FAIL (Focal Signal)",False,True,2.098412,0.6102684736251831,125
multiple_word_suppression:26,multiple_word_suppression,26,G3,"Group 3: SFT=FAIL, Base=FAIL (Concordant Fail)",False,False,2.1845832,0.6991293430328369,78
multiple_word_suppression:27,multiple_word_suppression,27,G3,"Group 3: SFT=FAIL, Base=FAIL (Concordant Fail)",False,False,1.7673178,0.7654150128364563,176
multiple_word_suppression:28,multiple_word_suppression,28,G1,"Group 1: SFT=PASS, Base=FAIL (Focal Signal)",False,True,2.038364,0.6666325926780701,80
multiple_word_suppression:29,multiple_word_suppression,29,G3,"Group 3: SFT=FAIL, Base=FAIL (Concordant Fail)",False,False,1.6867014,0.27299270033836365,267
multiple_word_suppression:3,multiple_word_suppression,3,G2,"Group 2: SFT=PASS, Base=PASS (Concordant Pass)",True,True,0.30282778,0.04121758043766022,421
multiple_word_suppression:30,multiple_word_suppression,30,G3,"Group 3: SFT=FAIL, Base=FAIL (Concordant Fail)",False,False,1.6654125,0.5674850344657898,263
multiple_word_suppression:31,multiple_word_suppression,31,G3,"Group 3: SFT=FAIL, Base=FAIL (Concordant Fail)",False,False,1.8919061,0.5269610285758972,68
multiple_word_suppression:32,multiple_word_suppression,32,G3,"Group 3: SFT=FAIL, Base=FAIL (Concordant Fail)",False,False,2.1422603,0.3642082214355469,347
multiple_word_suppression:33,multiple_word_suppression,33,G1,"Group 1: SFT=PASS, Base=FAIL (Focal Signal)",False,True,1.4768473,0.5198228359222412,96
multiple_word_suppression:34,multiple_word_suppression,34,G3,"Group 3: SFT=FAIL, Base=FAIL (Concordant Fail)",False,False,1.2011201,0.2391820251941681,212
multiple_word_suppression:35,multiple_word_suppression,35,G1,"Group 1: SFT=PASS, Base=FAIL (Focal Signal)",False,True,0.4159015,0.31964364647865295,143
multiple_word_suppression:36,multiple_word_suppression,36,G3,"Group 3: SFT=FAIL, Base=FAIL (Concordant Fail)",False,False,0.38686782,0.2518919110298157,374
multiple_word_suppression:37,multiple_word_suppression,37,G3,"Group 3: SFT=FAIL, Base=FAIL (Concordant Fail)",False,False,0.37417203,0.05813824385404587,2999
multiple_word_suppression:38,multiple_word_suppression,38,G3,"Group 3: SFT=FAIL, Base=FAIL (Concordant Fail)",False,False,0.37009957,0.03364677354693413,210
multiple_word_suppression:39,multiple_word_suppression,39,G3,"Group 3: SFT=FAIL, Base=FAIL (Concordant Fail)",False,False,0.36802965,0.10829445719718933,222
multiple_word_suppression:4,multiple_word_suppression,4,G3,"Group 3: SFT=FAIL, Base=FAIL (Concordant Fail)",False,False,1.4513478,0.27033090591430664,67
multiple_word_suppression:40,multiple_word_suppression,40,G3,"Group 3: SFT=FAIL, Base=FAIL (Concordant Fail)",False,False,0.1565871,0.022894440218806267,191
multiple_word_suppression:41,multiple_word_suppression,41,G3,"Group 3: SFT=FAIL, Base=FAIL (Concordant Fail)",False,False,0.39584997,0.13156956434249878,272
multiple_word_suppression:42,multiple_word_suppression,42,G3,"Group 3: SFT=FAIL, Base=FAIL (Concordant Fail)",False,False,1.916078,0.4677257537841797,101
multiple_word_suppression:43,multiple_word_suppression,43,G3,"Group 3: SFT=FAIL, Base=FAIL (Concordant Fail)",False,False,1.9781166,0.7105657458305359,404
multiple_word_suppression:44,multiple_word_suppression,44,G3,"Group 3: SFT=FAIL, Base=FAIL (Concordant Fail)",False,False,2.0337996,0.4861605167388916,44
multiple_word_suppression:45,multiple_word_suppression,45,G3,"Group 3: SFT=FAIL, Base=FAIL (Concordant Fail)",False,False,1.6773258,0.4671114683151245,95
multiple_word_suppression:46,multiple_word_suppression,46,G3,"Group 3: SFT=FAIL, Base=FAIL (Concordant Fail)",False,False,1.6634487,0.7959660887718201,87
multiple_word_suppression:47,multiple_word_suppression,47,G3,"Group 3: SFT=FAIL, Base=FAIL (Concordant Fail)",False,False,2.445247,0.5833746790885925,245
multiple_word_suppression:48,multiple_word_suppression,48,G1,"Group 1: SFT=PASS, Base=FAIL (Focal Signal)",False,True,2.1103435,0.8027631044387817,68
multiple_word_suppression:49,multiple_word_suppression,49,G3,"Group 3: SFT=FAIL, Base=FAIL (Concordant Fail)",False,False,1.8779097,0.6501613259315491,222
multiple_word_suppression:5,multiple_word_suppression,5,G3,"Group 3: SFT=FAIL, Base=FAIL (Concordant Fail)",False,False,0.35246772,0.10716554522514343,182
multiple_word_suppression:6,multiple_word_suppression,6,G3,"Group 3: SFT=FAIL, Base=FAIL (Concordant Fail)",False,False,0.21755043,0.04679286107420921,199
multiple_word_suppression:7,multiple_word_suppression,7,G3,"Group 3: SFT=FAIL, Base=FAIL (Concordant Fail)",False,False,0.19332628,0.026238515973091125,359
multiple_word_suppression:8,multiple_word_suppression,8,G3,"Group 3: SFT=FAIL, Base=FAIL (Concordant Fail)",False,False,1.421336,0.2808438241481781,153
multiple_word_suppression:9,multiple_word_suppression,9,G1,"Group 1: SFT=PASS, Base=FAIL (Focal Signal)",False,True,0.1761733,0.02711860090494156,148
repeat_sentences:0,repeat_sentences,0,G3,"Group 3: SFT=FAIL, Base=FAIL (Concordant Fail)",False,False,1.0085052,0.0940571054816246,100
repeat_sentences:1,repeat_sentences,1,G3,"Group 3: SFT=FAIL, Base=FAIL (Concordant Fail)",False,False,1.2376721,0.14311929047107697,210
repeat_sentences:10,repeat_sentences,10,G3,"Group 3: SFT=FAIL, Base=FAIL (Concordant Fail)",False,False,1.9653556,0.3268340826034546,223
repeat_sentences:11,repeat_sentences,11,G3,"Group 3: SFT=FAIL, Base=FAIL (Concordant Fail)",False,False,2.0507293,0.3537851870059967,155
repeat_sentences:12,repeat_sentences,12,G3,"Group 3: SFT=FAIL, Base=FAIL (Concordant Fail)",False,False,1.3732047,0.18559977412223816,145
repeat_sentences:13,repeat_sentences,13,G3,"Group 3: SFT=FAIL, Base=FAIL (Concordant Fail)",False,False,1.7803329,0.5179097056388855,93
repeat_sentences:14,repeat_sentences,14,G3,"Group 3: SFT=FAIL, Base=FAIL (Concordant Fail)",False,False,2.0502257,0.8286657333374023,77
repeat_sentences:15,repeat_sentences,15,G3,"Group 3: SFT=FAIL, Base=FAIL (Concordant Fail)",False,False,2.085062,0.40871843695640564,121
repeat_sentences:16,repeat_sentences,16,G3,"Group 3: SFT=FAIL, Base=FAIL (Concordant Fail)",False,False,1.9102585,0.6385009288787842,98
repeat_sentences:17,repeat_sentences,17,G3,"Group 3: SFT=FAIL, Base=FAIL (Concordant Fail)",False,False,1.9208164,0.6833707094192505,95
repeat_sentences:18,repeat_sentences,18,G3,"Group 3: SFT=FAIL, Base=FAIL (Concordant Fail)",False,False,2.07599,0.20348167419433594,176
repeat_sentences:19,repeat_sentences,19,G3,"Group 3: SFT=FAIL, Base=FAIL (Concordant Fail)",False,False,2.0202591,0.7964797019958496,196
repeat_sentences:2,repeat_sentences,2,G3,"Group 3: SFT=FAIL, Base=FAIL (Concordant Fail)",False,False,1.5899311,0.1831076443195343,92
repeat_sentences:20,repeat_sentences,20,G3,"Group 3: SFT=FAIL, Base=FAIL (Concordant Fail)",False,False,2.1995695,0.26202744245529175,171
repeat_sentences:21,repeat_sentences,21,G3,"Group 3: SFT=FAIL, Base=FAIL (Concordant Fail)",False,False,2.3923535,0.5345659255981445,51
repeat_sentences:22,repeat_sentences,22,G3,"Group 3: SFT=FAIL, Base=FAIL (Concordant Fail)",False,False,2.2005315,0.2570033073425293,93
repeat_sentences:23,repeat_sentences,23,G3,"Group 3: SFT=FAIL, Base=FAIL (Concordant Fail)",False,False,1.5644968,0.36655011773109436,228
repeat_sentences:24,repeat_sentences,24,G3,"Group 3: SFT=FAIL, Base=FAIL (Concordant Fail)",False,False,1.5036943,0.6609342694282532,106
repeat_sentences:25,repeat_sentences,25,G3,"Group 3: SFT=FAIL, Base=FAIL (Concordant Fail)",False,False,2.1596096,0.6082342267036438,90
repeat_sentences:26,repeat_sentences,26,G3,"Group 3: SFT=FAIL, Base=FAIL (Concordant Fail)",False,False,2.196363,0.4515899121761322,148
repeat_sentences:27,repeat_sentences,27,G3,"Group 3: SFT=FAIL, Base=FAIL (Concordant Fail)",False,False,2.3847878,0.40765559673309326,102
repeat_sentences:28,repeat_sentences,28,G3,"Group 3: SFT=FAIL, Base=FAIL (Concordant Fail)",False,False,1.9514151,0.5764302015304565,55
repeat_sentences:29,repeat_sentences,29,G3,"Group 3: SFT=FAIL, Base=FAIL (Concordant Fail)",False,False,2.6991544,0.39328572154045105,140
repeat_sentences:3,repeat_sentences,3,G3,"Group 3: SFT=FAIL, Base=FAIL (Concordant Fail)",False,False,0.8975881,0.10558407008647919,215
repeat_sentences:30,repeat_sentences,30,G3,"Group 3: SFT=FAIL, Base=FAIL (Concordant Fail)",False,False,1.6689694,0.3467062711715698,152
repeat_sentences:31,repeat_sentences,31,G3,"Group 3: SFT=FAIL, Base=FAIL (Concordant Fail)",False,False,2.3714495,0.2500811815261841,448
repeat_sentences:32,repeat_sentences,32,G3,"Group 3: SFT=FAIL, Base=FAIL (Concordant Fail)",False,False,2.5500362,0.46505308151245117,206
repeat_sentences:33,repeat_sentences,33,G3,"Group 3: SFT=FAIL, Base=FAIL (Concordant Fail)",False,False,1.8292971,0.34127816557884216,120
repeat_sentences:34,repeat_sentences,34,G3,"Group 3: SFT=FAIL, Base=FAIL (Concordant Fail)",False,False,1.3947062,0.24287351965904236,70
repeat_sentences:35,repeat_sentences,35,G3,"Group 3: SFT=FAIL, Base=FAIL (Concordant Fail)",False,False,0.9220339,0.22752071917057037,99
repeat_sentences:36,repeat_sentences,36,G3,"Group 3: SFT=FAIL, Base=FAIL (Concordant Fail)",False,False,1.1011616,0.16158245503902435,302
repeat_sentences:37,repeat_sentences,37,G3,"Group 3: SFT=FAIL, Base=FAIL (Concordant Fail)",False,False,1.1830628,0.07476869970560074,224
repeat_sentences:38,repeat_sentences,38,G3,"Group 3: SFT=FAIL, Base=FAIL (Concordant Fail)",False,False,1.7023598,0.15332087874412537,121
repeat_sentences:39,repeat_sentences,39,G3,"Group 3: SFT=FAIL, Base=FAIL (Concordant Fail)",False,False,1.4198714,0.12959608435630798,50
repeat_sentences:4,repeat_sentences,4,G3,"Group 3: SFT=FAIL, Base=FAIL (Concordant Fail)",False,False,1.949187,0.12850327789783478,216
repeat_sentences:40,repeat_sentences,40,G3,"Group 3: SFT=FAIL, Base=FAIL (Concordant Fail)",False,False,0.7514204,0.048025403171777725,425
repeat_sentences:41,repeat_sentences,41,G3,"Group 3: SFT=FAIL, Base=FAIL (Concordant Fail)",False,False,1.1823977,0.09630223363637924,57
repeat_sentences:42,repeat_sentences,42,G3,"Group 3: SFT=FAIL, Base=FAIL (Concordant Fail)",False,False,1.7633425,0.5259508490562439,171
repeat_sentences:43,repeat_sentences,43,G3,"Group 3: SFT=FAIL, Base=FAIL (Concordant Fail)",False,False,1.2892874,0.52944016456604,79
repeat_sentences:44,repeat_sentences,44,G3,"Group 3: SFT=FAIL, Base=FAIL (Concordant Fail)",False,False,2.1685076,0.5325552821159363,92
repeat_sentences:45,repeat_sentences,45,G3,"Group 3: SFT=FAIL, Base=FAIL (Concordant Fail)",False,False,2.5483456,0.7871468663215637,66
repeat_sentences:46,repeat_sentences,46,G3,"Group 3: SFT=FAIL, Base=FAIL (Concordant Fail)",False,False,1.7678763,0.7808906435966492,48
repeat_sentences:47,repeat_sentences,47,G3,"Group 3: SFT=FAIL, Base=FAIL (Concordant Fail)",False,False,1.9643533,0.3904232978820801,230
repeat_sentences:48,repeat_sentences,48,G3,"Group 3: SFT=FAIL, Base=FAIL (Concordant Fail)",False,False,2.7832067,0.44200605154037476,134
repeat_sentences:49,repeat_sentences,49,G3,"Group 3: SFT=FAIL, Base=FAIL (Concordant Fail)",False,False,2.4535038,0.4525299370288849,100
repeat_sentences:5,repeat_sentences,5,G3,"Group 3: SFT=FAIL, Base=FAIL (Concordant Fail)",False,False,1.1409576,0.636854350566864,56
repeat_sentences:6,repeat_sentences,6,G3,"Group 3: SFT=FAIL, Base=FAIL (Concordant Fail)",False,False,0.41003257,0.050800565630197525,158
repeat_sentences:7,repeat_sentences,7,G3,"Group 3: SFT=FAIL, Base=FAIL (Concordant Fail)",False,False,0.3422215,0.030760202556848526,270
repeat_sentences:8,repeat_sentences,8,G3,"Group 3: SFT=FAIL, Base=FAIL (Concordant Fail)",False,False,1.545136,0.27849432826042175,142
repeat_sentences:9,repeat_sentences,9,G3,"Group 3: SFT=FAIL, Base=FAIL (Concordant Fail)",False,False,0.99278337,0.09140347689390182,159
third_person:0,third_person,0,G3,"Group 3: SFT=FAIL, Base=FAIL (Concordant Fail)",False,False,0.3109205,0.01672348938882351,291
third_person:1,third_person,1,G1,"Group 1: SFT=PASS, Base=FAIL (Focal Signal)",False,True,0.96251583,0.07342422753572464,262
third_person:10,third_person,10,G1,"Group 1: SFT=PASS, Base=FAIL (Focal Signal)",False,True,2.2505825,0.27356237173080444,338
third_person:11,third_person,11,G1,"Group 1: SFT=PASS, Base=FAIL (Focal Signal)",False,True,1.9958742,0.4961163401603699,319
third_person:12,third_person,12,G1,"Group 1: SFT=PASS, Base=FAIL (Focal Signal)",False,True,1.9041668,0.43074896931648254,60
third_person:13,third_person,13,G3,"Group 3: SFT=FAIL, Base=FAIL (Concordant Fail)",False,False,1.316942,0.3103417158126831,127
third_person:14,third_person,14,G3,"Group 3: SFT=FAIL, Base=FAIL (Concordant Fail)",False,False,2.6640656,0.314523845911026,188
third_person:15,third_person,15,G3,"Group 3: SFT=FAIL, Base=FAIL (Concordant Fail)",False,False,1.9482381,0.3173639476299286,176
third_person:16,third_person,16,G3,"Group 3: SFT=FAIL, Base=FAIL (Concordant Fail)",False,False,2.2788377,0.44687941670417786,79
third_person:17,third_person,17,G3,"Group 3: SFT=FAIL, Base=FAIL (Concordant Fail)",False,False,2.0164173,0.8552283644676208,174
third_person:18,third_person,18,G3,"Group 3: SFT=FAIL, Base=FAIL (Concordant Fail)",False,False,2.0747364,0.31913653016090393,116
third_person:19,third_person,19,G3,"Group 3: SFT=FAIL, Base=FAIL (Concordant Fail)",False,False,1.8603884,0.5512559413909912,320
third_person:2,third_person,2,G3,"Group 3: SFT=FAIL, Base=FAIL (Concordant Fail)",False,False,0.7946165,0.10475344210863113,195
third_person:20,third_person,20,G1,"Group 1: SFT=PASS, Base=FAIL (Focal Signal)",False,True,1.7910888,0.4868932366371155,599
third_person:21,third_person,21,G1,"Group 1: SFT=PASS, Base=FAIL (Focal Signal)",False,True,2.9190977,0.5083473920822144,239
third_person:22,third_person,22,G3,"Group 3: SFT=FAIL, Base=FAIL (Concordant Fail)",False,False,1.4247816,0.32006821036338806,324
third_person:23,third_person,23,G1,"Group 1: SFT=PASS, Base=FAIL (Focal Signal)",False,True,1.323836,0.4162481427192688,888
third_person:24,third_person,24,G3,"Group 3: SFT=FAIL, Base=FAIL (Concordant Fail)",False,False,2.384025,0.2359820455312729,225
third_person:25,third_person,25,G1,"Group 1: SFT=PASS, Base=FAIL (Focal Signal)",False,True,2.4081955,0.6729418039321899,188
third_person:26,third_person,26,G1,"Group 1: SFT=PASS, Base=FAIL (Focal Signal)",False,True,1.8439305,0.34587353467941284,133
third_person:27,third_person,27,G1,"Group 1: SFT=PASS, Base=FAIL (Focal Signal)",False,True,2.6421587,0.5153638124465942,78
third_person:28,third_person,28,G1,"Group 1: SFT=PASS, Base=FAIL (Focal Signal)",False,True,1.6518962,0.12409977614879608,301
third_person:29,third_person,29,G1,"Group 1: SFT=PASS, Base=FAIL (Focal Signal)",False,True,1.518832,0.8182176947593689,352
third_person:3,third_person,3,G1,"Group 1: SFT=PASS, Base=FAIL (Focal Signal)",False,True,1.0123457,0.1170484870672226,178
third_person:30,third_person,30,G3,"Group 3: SFT=FAIL, Base=FAIL (Concordant Fail)",False,False,2.0470023,0.23080430924892426,359
third_person:31,third_person,31,G1,"Group 1: SFT=PASS, Base=FAIL (Focal Signal)",False,True,1.9282792,0.2138461470603943,2999
third_person:32,third_person,32,G1,"Group 1: SFT=PASS, Base=FAIL (Focal Signal)",False,True,2.3097782,0.33172157406806946,248
third_person:33,third_person,33,G1,"Group 1: SFT=PASS, Base=FAIL (Focal Signal)",False,True,1.5295749,0.257904976606369,429
third_person:34,third_person,34,G3,"Group 3: SFT=FAIL, Base=FAIL (Concordant Fail)",False,False,0.83188945,0.12311303615570068,211
third_person:35,third_person,35,G1,"Group 1: SFT=PASS, Base=FAIL (Focal Signal)",False,True,0.6152793,0.5478503108024597,40
third_person:36,third_person,36,G1,"Group 1: SFT=PASS, Base=FAIL (Focal Signal)",False,True,1.1789501,0.21047131717205048,177
third_person:37,third_person,37,G1,"Group 1: SFT=PASS, Base=FAIL (Focal Signal)",False,True,0.9258647,0.12375350296497345,133
third_person:38,third_person,38,G1,"Group 1: SFT=PASS, Base=FAIL (Focal Signal)",False,True,0.7952871,0.068001888692379,111
third_person:39,third_person,39,G1,"Group 1: SFT=PASS, Base=FAIL (Focal Signal)",False,True,1.3085945,0.21707375347614288,129
third_person:4,third_person,4,G1,"Group 1: SFT=PASS, Base=FAIL (Focal Signal)",False,True,1.8833134,0.30432644486427307,165
third_person:40,third_person,40,G3,"Group 3: SFT=FAIL, Base=FAIL (Concordant Fail)",False,False,0.33109927,0.05500048026442528,636
third_person:41,third_person,41,G1,"Group 1: SFT=PASS, Base=FAIL (Focal Signal)",False,True,0.8665848,0.1044531837105751,132
third_person:42,third_person,42,G1,"Group 1: SFT=PASS, Base=FAIL (Focal Signal)",False,True,2.1711268,0.6093477010726929,118
third_person:43,third_person,43,G1,"Group 1: SFT=PASS, Base=FAIL (Focal Signal)",False,True,1.7382091,0.4850767254829407,236
third_person:44,third_person,44,G1,"Group 1: SFT=PASS, Base=FAIL (Focal Signal)",False,True,1.695047,0.28382590413093567,182
third_person:45,third_person,45,G1,"Group 1: SFT=PASS, Base=FAIL (Focal Signal)",False,True,2.1546233,0.5810919404029846,289
third_person:46,third_person,46,G1,"Group 1: SFT=PASS, Base=FAIL (Focal Signal)",False,True,1.8086998,0.6002309918403625,93
third_person:47,third_person,47,G1,"Group 1: SFT=PASS, Base=FAIL (Focal Signal)",False,True,2.070528,0.7808369994163513,269
third_person:48,third_person,48,G1,"Group 1: SFT=PASS, Base=FAIL (Focal Signal)",False,True,2.1727688,0.5302166938781738,60
third_person:49,third_person,49,G1,"Group 1: SFT=PASS, Base=FAIL (Focal Signal)",False,True,2.4766495,0.88689786195755,69
third_person:5,third_person,5,G1,"Group 1: SFT=PASS, Base=FAIL (Focal Signal)",False,True,1.764898,0.41471755504608154,124
third_person:6,third_person,6,G3,"Group 3: SFT=FAIL, Base=FAIL (Concordant Fail)",False,False,0.22193865,0.02580687217414379,156
third_person:7,third_person,7,G3,"Group 3: SFT=FAIL, Base=FAIL (Concordant Fail)",False,False,0.60244036,0.025998704135417938,226
third_person:8,third_person,8,G1,"Group 1: SFT=PASS, Base=FAIL (Focal Signal)",False,True,1.6544927,0.4864048957824707,96
third_person:9,third_person,9,G1,"Group 1: SFT=PASS, Base=FAIL (Focal Signal)",False,True,0.87497437,0.06745057553052902,192
uppercase_thinking:0,uppercase_thinking,0,G3,"Group 3: SFT=FAIL, Base=FAIL (Concordant Fail)",False,False,0.16350403,0.024138856679201126,217
uppercase_thinking:1,uppercase_thinking,1,G3,"Group 3: SFT=FAIL, Base=FAIL (Concordant Fail)",False,False,0.41276303,0.05248476564884186,149
uppercase_thinking:10,uppercase_thinking,10,G3,"Group 3: SFT=FAIL, Base=FAIL (Concordant Fail)",False,False,1.3016298,0.3578757643699646,95
uppercase_thinking:11,uppercase_thinking,11,G3,"Group 3: SFT=FAIL, Base=FAIL (Concordant Fail)",False,False,1.9792331,0.3465611934661865,77
uppercase_thinking:12,uppercase_thinking,12,G3,"Group 3: SFT=FAIL, Base=FAIL (Concordant Fail)",False,False,0.6624415,0.18562939763069153,175
uppercase_thinking:13,uppercase_thinking,13,G3,"Group 3: SFT=FAIL, Base=FAIL (Concordant Fail)",False,False,0.4825253,0.37130436301231384,93
uppercase_thinking:14,uppercase_thinking,14,G3,"Group 3: SFT=FAIL, Base=FAIL (Concordant Fail)",False,False,1.591083,0.3462837338447571,110
uppercase_thinking:15,uppercase_thinking,15,G3,"Group 3: SFT=FAIL, Base=FAIL (Concordant Fail)",False,False,1.357485,0.361969530582428,171
uppercase_thinking:16,uppercase_thinking,16,G3,"Group 3: SFT=FAIL, Base=FAIL (Concordant Fail)",False,False,1.3232797,0.4136762022972107,57
uppercase_thinking:17,uppercase_thinking,17,G3,"Group 3: SFT=FAIL, Base=FAIL (Concordant Fail)",False,False,1.1927608,0.3826438784599304,232
uppercase_thinking:18,uppercase_thinking,18,G3,"Group 3: SFT=FAIL, Base=FAIL (Concordant Fail)",False,False,1.0625732,0.337205708026886,131
uppercase_thinking:19,uppercase_thinking,19,G3,"Group 3: SFT=FAIL, Base=FAIL (Concordant Fail)",False,False,1.2316723,0.6526772379875183,51
uppercase_thinking:2,uppercase_thinking,2,G3,"Group 3: SFT=FAIL, Base=FAIL (Concordant Fail)",False,False,0.2988413,0.12231527268886566,39
uppercase_thinking:20,uppercase_thinking,20,G3,"Group 3: SFT=FAIL, Base=FAIL (Concordant Fail)",False,False,1.1030192,0.3447816073894501,58
uppercase_thinking:21,uppercase_thinking,21,G3,"Group 3: SFT=FAIL, Base=FAIL (Concordant Fail)",False,False,1.3443892,0.36389413475990295,376
uppercase_thinking:22,uppercase_thinking,22,G3,"Group 3: SFT=FAIL, Base=FAIL (Concordant Fail)",False,False,1.4384075,0.290275514125824,125
uppercase_thinking:23,uppercase_thinking,23,G3,"Group 3: SFT=FAIL, Base=FAIL (Concordant Fail)",False,False,0.9230975,0.8297701478004456,200
uppercase_thinking:24,uppercase_thinking,24,G3,"Group 3: SFT=FAIL, Base=FAIL (Concordant Fail)",False,False,1.2249253,0.24291393160820007,82
uppercase_thinking:25,uppercase_thinking,25,G3,"Group 3: SFT=FAIL, Base=FAIL (Concordant Fail)",False,False,0.71306676,0.5430300235748291,131
uppercase_thinking:26,uppercase_thinking,26,G3,"Group 3: SFT=FAIL, Base=FAIL (Concordant Fail)",False,False,1.4863529,0.31994277238845825,111
uppercase_thinking:27,uppercase_thinking,27,G3,"Group 3: SFT=FAIL, Base=FAIL (Concordant Fail)",False,False,0.9120757,0.4635656476020813,98
uppercase_thinking:28,uppercase_thinking,28,G3,"Group 3: SFT=FAIL, Base=FAIL (Concordant Fail)",False,False,1.9148319,0.34816789627075195,131
uppercase_thinking:29,uppercase_thinking,29,G3,"Group 3: SFT=FAIL, Base=FAIL (Concordant Fail)",False,False,1.2364247,0.2927902340888977,98
uppercase_thinking:3,uppercase_thinking,3,G3,"Group 3: SFT=FAIL, Base=FAIL (Concordant Fail)",False,False,0.18163593,0.05010275915265083,347
uppercase_thinking:30,uppercase_thinking,30,G3,"Group 3: SFT=FAIL, Base=FAIL (Concordant Fail)",False,False,1.187206,0.24298442900180817,208
uppercase_thinking:31,uppercase_thinking,31,G3,"Group 3: SFT=FAIL, Base=FAIL (Concordant Fail)",False,False,1.169556,0.20615972578525543,168
uppercase_thinking:32,uppercase_thinking,32,G3,"Group 3: SFT=FAIL, Base=FAIL (Concordant Fail)",False,False,1.0913485,0.26211538910865784,107
uppercase_thinking:33,uppercase_thinking,33,G3,"Group 3: SFT=FAIL, Base=FAIL (Concordant Fail)",False,False,1.5636104,0.2975321114063263,406
uppercase_thinking:34,uppercase_thinking,34,G3,"Group 3: SFT=FAIL, Base=FAIL (Concordant Fail)",False,False,0.43653002,0.0993175208568573,86
uppercase_thinking:35,uppercase_thinking,35,G3,"Group 3: SFT=FAIL, Base=FAIL (Concordant Fail)",False,False,0.42345056,0.30779120326042175,128
uppercase_thinking:36,uppercase_thinking,36,G3,"Group 3: SFT=FAIL, Base=FAIL (Concordant Fail)",False,False,0.5923532,0.131661519408226,39
uppercase_thinking:37,uppercase_thinking,37,G3,"Group 3: SFT=FAIL, Base=FAIL (Concordant Fail)",False,False,0.2462405,0.1546252816915512,94
uppercase_thinking:38,uppercase_thinking,38,G3,"Group 3: SFT=FAIL, Base=FAIL (Concordant Fail)",False,False,0.3578619,0.24117827415466309,46
uppercase_thinking:39,uppercase_thinking,39,G3,"Group 3: SFT=FAIL, Base=FAIL (Concordant Fail)",False,False,0.33696046,0.08402866125106812,151
uppercase_thinking:4,uppercase_thinking,4,G3,"Group 3: SFT=FAIL, Base=FAIL (Concordant Fail)",False,False,0.40754446,0.10039500892162323,111
uppercase_thinking:40,uppercase_thinking,40,G3,"Group 3: SFT=FAIL, Base=FAIL (Concordant Fail)",False,False,0.2246139,0.030568726360797882,445
uppercase_thinking:41,uppercase_thinking,41,G3,"Group 3: SFT=FAIL, Base=FAIL (Concordant Fail)",False,False,0.4113741,0.3065679669380188,29
uppercase_thinking:42,uppercase_thinking,42,G3,"Group 3: SFT=FAIL, Base=FAIL (Concordant Fail)",False,False,0.6568255,0.22909824550151825,46
uppercase_thinking:43,uppercase_thinking,43,G3,"Group 3: SFT=FAIL, Base=FAIL (Concordant Fail)",False,False,1.3519338,0.26693639159202576,147
uppercase_thinking:44,uppercase_thinking,44,G3,"Group 3: SFT=FAIL, Base=FAIL (Concordant Fail)",False,False,1.6972048,0.3775327503681183,70
uppercase_thinking:45,uppercase_thinking,45,G3,"Group 3: SFT=FAIL, Base=FAIL (Concordant Fail)",False,False,1.4224128,0.7352726459503174,41
uppercase_thinking:46,uppercase_thinking,46,G3,"Group 3: SFT=FAIL, Base=FAIL (Concordant Fail)",False,False,1.2428672,0.22658409178256989,166
uppercase_thinking:47,uppercase_thinking,47,G3,"Group 3: SFT=FAIL, Base=FAIL (Concordant Fail)",False,False,1.2391425,0.3729020953178406,155
uppercase_thinking:48,uppercase_thinking,48,G3,"Group 3: SFT=FAIL, Base=FAIL (Concordant Fail)",False,False,1.1808791,0.45706692337989807,86
uppercase_thinking:49,uppercase_thinking,49,G3,"Group 3: SFT=FAIL, Base=FAIL (Concordant Fail)",False,False,2.8502398,0.7956528067588806,79
uppercase_thinking:5,uppercase_thinking,5,G3,"Group 3: SFT=FAIL, Base=FAIL (Concordant Fail)",False,False,0.26794603,0.1189056932926178,353
uppercase_thinking:6,uppercase_thinking,6,G3,"Group 3: SFT=FAIL, Base=FAIL (Concordant Fail)",False,False,0.1836673,0.03429548442363739,156
uppercase_thinking:7,uppercase_thinking,7,G3,"Group 3: SFT=FAIL, Base=FAIL (Concordant Fail)",False,False,0.18132398,0.033999428153038025,152
uppercase_thinking:8,uppercase_thinking,8,G3,"Group 3: SFT=FAIL, Base=FAIL (Concordant Fail)",False,False,0.8355938,0.2034860998392105,496
uppercase_thinking:9,uppercase_thinking,9,G3,"Group 3: SFT=FAIL, Base=FAIL (Concordant Fail)",False,False,0.19981526,0.018757635727524757,150
word_suppression:0,word_suppression,0,G3,"Group 3: SFT=FAIL, Base=FAIL (Concordant Fail)",False,False,0.21027362,0.015534592792391777,145
word_suppression:1,word_suppression,1,G3,"Group 3: SFT=FAIL, Base=FAIL (Concordant Fail)",False,False,1.1062691,0.16218294203281403,241
word_suppression:10,word_suppression,10,G3,"Group 3: SFT=FAIL, Base=FAIL (Concordant Fail)",False,False,0.6564876,0.3652378022670746,113
word_suppression:11,word_suppression,11,G3,"Group 3: SFT=FAIL, Base=FAIL (Concordant Fail)",False,False,1.9291868,0.42922842502593994,183
word_suppression:12,word_suppression,12,G3,"Group 3: SFT=FAIL, Base=FAIL (Concordant Fail)",False,False,0.90644157,0.3764536678791046,143
word_suppression:13,word_suppression,13,G3,"Group 3: SFT=FAIL, Base=FAIL (Concordant Fail)",False,False,2.0035057,0.21928465366363525,148
word_suppression:14,word_suppression,14,G3,"Group 3: SFT=FAIL, Base=FAIL (Concordant Fail)",False,False,1.8923838,0.29250285029411316,155
word_suppression:15,word_suppression,15,G3,"Group 3: SFT=FAIL, Base=FAIL (Concordant Fail)",False,False,0.714388,0.23268349468708038,428
word_suppression:16,word_suppression,16,G2,"Group 2: SFT=PASS, Base=PASS (Concordant Pass)",True,True,1.8129116,0.7845574617385864,90
word_suppression:17,word_suppression,17,G3,"Group 3: SFT=FAIL, Base=FAIL (Concordant Fail)",False,False,1.4678004,0.29026585817337036,321
word_suppression:18,word_suppression,18,G3,"Group 3: SFT=FAIL, Base=FAIL (Concordant Fail)",False,False,2.1681447,0.18411144614219666,126
word_suppression:19,word_suppression,19,G3,"Group 3: SFT=FAIL, Base=FAIL (Concordant Fail)",False,False,0.6992496,0.47407880425453186,82
word_suppression:2,word_suppression,2,G3,"Group 3: SFT=FAIL, Base=FAIL (Concordant Fail)",False,False,1.3514588,0.13864882290363312,345
word_suppression:20,word_suppression,20,G2,"Group 2: SFT=PASS, Base=PASS (Concordant Pass)",True,True,1.200977,0.24745884537696838,42
word_suppression:21,word_suppression,21,G2,"Group 2: SFT=PASS, Base=PASS (Concordant Pass)",True,True,1.9166731,0.3587099313735962,185
word_suppression:22,word_suppression,22,G3,"Group 3: SFT=FAIL, Base=FAIL (Concordant Fail)",False,False,1.5218543,0.24068480730056763,970
word_suppression:23,word_suppression,23,G1,"Group 1: SFT=PASS, Base=FAIL (Focal Signal)",False,True,1.4265883,0.3861982524394989,140
word_suppression:24,word_suppression,24,G2,"Group 2: SFT=PASS, Base=PASS (Concordant Pass)",True,True,1.7856401,0.30719372630119324,90
word_suppression:25,word_suppression,25,G2,"Group 2: SFT=PASS, Base=PASS (Concordant Pass)",True,True,2.5241199,0.6255626678466797,89
word_suppression:26,word_suppression,26,G3,"Group 3: SFT=FAIL, Base=FAIL (Concordant Fail)",False,False,1.9590956,0.3687952756881714,132
word_suppression:27,word_suppression,27,G2,"Group 2: SFT=PASS, Base=PASS (Concordant Pass)",True,True,2.3541572,0.32656899094581604,166
word_suppression:28,word_suppression,28,G3,"Group 3: SFT=FAIL, Base=FAIL (Concordant Fail)",False,False,2.6228306,0.40009406208992004,288
word_suppression:29,word_suppression,29,G3,"Group 3: SFT=FAIL, Base=FAIL (Concordant Fail)",False,False,1.7886776,0.17345741391181946,591
word_suppression:3,word_suppression,3,G3,"Group 3: SFT=FAIL, Base=FAIL (Concordant Fail)",False,False,0.2049946,0.045858170837163925,379
word_suppression:30,word_suppression,30,G1,"Group 1: SFT=PASS, Base=FAIL (Focal Signal)",False,True,1.8851264,0.5734336972236633,41
word_suppression:31,word_suppression,31,G3,"Group 3: SFT=FAIL, Base=FAIL (Concordant Fail)",False,False,1.4275826,0.606954038143158,93
word_suppression:32,word_suppression,32,G2,"Group 2: SFT=PASS, Base=PASS (Concordant Pass)",True,True,0.6950171,0.3051626682281494,52
word_suppression:33,word_suppression,33,G1,"Group 1: SFT=PASS, Base=FAIL (Focal Signal)",False,True,1.7137839,0.30725765228271484,159
word_suppression:34,word_suppression,34,G3,"Group 3: SFT=FAIL, Base=FAIL (Concordant Fail)",False,False,0.4416995,0.1991976499557495,78
word_suppression:35,word_suppression,35,G3,"Group 3: SFT=FAIL, Base=FAIL (Concordant Fail)",False,False,0.56746215,0.12976288795471191,122
word_suppression:36,word_suppression,36,G3,"Group 3: SFT=FAIL, Base=FAIL (Concordant Fail)",False,False,1.2132685,0.12281563133001328,128
word_suppression:37,word_suppression,37,G1,"Group 1: SFT=PASS, Base=FAIL (Focal Signal)",False,True,0.38471356,0.023946158587932587,177
word_suppression:38,word_suppression,38,G3,"Group 3: SFT=FAIL, Base=FAIL (Concordant Fail)",False,False,0.20458615,0.02696448378264904,159
word_suppression:39,word_suppression,39,G3,"Group 3: SFT=FAIL, Base=FAIL (Concordant Fail)",False,False,0.25917286,0.06121128797531128,199
word_suppression:4,word_suppression,4,G3,"Group 3: SFT=FAIL, Base=FAIL (Concordant Fail)",False,False,1.1848608,0.14151056110858917,206
word_suppression:40,word_suppression,40,G1,"Group 1: SFT=PASS, Base=FAIL (Focal Signal)",False,True,0.14589223,0.07898297160863876,186
word_suppression:41,word_suppression,41,G2,"Group 2: SFT=PASS, Base=PASS (Concordant Pass)",True,True,0.21964963,0.07853105664253235,179
word_suppression:42,word_suppression,42,G3,"Group 3: SFT=FAIL, Base=FAIL (Concordant Fail)",False,False,1.6740181,0.36768800020217896,85
word_suppression:43,word_suppression,43,G1,"Group 1: SFT=PASS, Base=FAIL (Focal Signal)",False,True,1.7956059,0.2928333282470703,250
word_suppression:44,word_suppression,44,G1,"Group 1: SFT=PASS, Base=FAIL (Focal Signal)",False,True,2.5036774,0.6330146193504333,64
word_suppression:45,word_suppression,45,G3,"Group 3: SFT=FAIL, Base=FAIL (Concordant Fail)",False,False,1.7383945,0.8681939840316772,149
word_suppression:46,word_suppression,46,G3,"Group 3: SFT=FAIL, Base=FAIL (Concordant Fail)",False,False,1.5744842,0.6635586619377136,92
word_suppression:47,word_suppression,47,G3,"Group 3: SFT=FAIL, Base=FAIL (Concordant Fail)",False,False,0.81226146,0.3249054253101349,109
word_suppression:48,word_suppression,48,G3,"Group 3: SFT=FAIL, Base=FAIL (Concordant Fail)",False,False,1.6730133,0.8379387855529785,71
word_suppression:49,word_suppression,49,G4,"Group 4: SFT=FAIL, Base=PASS (SFT Regression)",True,False,2.5345669,0.7831907272338867,166
word_suppression:5,word_suppression,5,G1,"Group 1: SFT=PASS, Base=FAIL (Focal Signal)",False,True,0.4595686,0.11058345437049866,167
word_suppression:6,word_suppression,6,G3,"Group 3: SFT=FAIL, Base=FAIL (Concordant Fail)",False,False,0.10913031,0.026791414245963097,190
word_suppression:7,word_suppression,7,G3,"Group 3: SFT=FAIL, Base=FAIL (Concordant Fail)",False,False,0.09207303,0.03536254167556763,270
word_suppression:8,word_suppression,8,G3,"Group 3: SFT=FAIL, Base=FAIL (Concordant Fail)",False,False,1.0979768,0.11771051585674286,168
word_suppression:9,word_suppression,9,G2,"Group 2: SFT=PASS, Base=PASS (Concordant Pass)",True,True,0.24697483,0.024004509672522545,183
