,,key,early_reasoning_kl,early_reasoning_kl,downstream_reasoning_kl,downstream_reasoning_kl,reasoning_token_count
,,count,mean,std,mean,std,median
task,q_code,,,,,,
alternating_case,G3,50,0.8787,0.4768,0.3073,0.2187,113.0
arrow_prefix,G3,50,1.3746,0.7077,0.3386,0.2445,130.0
end_of_sentence,G3,50,1.0642,0.6218,0.3035,0.1884,128.0
lowercase_thinking,G3,50,1.1213,0.7525,0.2981,0.2251,156.0
meow_between_words,G3,50,1.3678,0.5719,0.3408,0.2095,107.5
multiple_word_suppression,G1,8,1.487,0.7742,0.4632,0.2845,98.5
multiple_word_suppression,G2,3,1.7404,1.2622,0.3246,0.2466,108.0
multiple_word_suppression,G3,39,1.3776,0.715,0.3699,0.2264,191.0
repeat_sentences,G3,50,1.7283,0.5775,0.3636,0.2242,127.5
third_person,G1,34,1.7102,0.5726,0.3937,0.2244,180.0
third_person,G3,16,1.4443,0.8215,0.2658,0.2228,203.0
uppercase_thinking,G3,50,0.9459,0.5839,0.2876,0.1911,126.5
word_suppression,G1,8,1.2894,0.8535,0.3008,0.2249,163.0
word_suppression,G2,9,1.4173,0.8672,0.3397,0.2395,90.0
word_suppression,G3,32,1.1648,0.6934,0.2794,0.223,152.0
word_suppression,G4,1,2.5346,,0.7832,,166.0
