key,task,prompt_idx,base_pass,sft_pass,quadrant,q_code,reasoning_token_count,early_reasoning_kl,downstream_reasoning_kl
0,punctuation:no_comma,0,False,False,"Group 3: SFT=FAIL, Base=FAIL (Concordant Fail)",G3,4510,4.2635746,0.0778428316116333
1,language:reasoning_language,1,True,True,"Group 2: SFT=PASS, Base=PASS (Concordant Pass)",G2,870,3.7850292,0.04194656014442444
2,punctuation:no_comma,2,False,False,"Group 3: SFT=FAIL, Base=FAIL (Concordant Fail)",G3,1670,4.9516354,0.09891820698976517
3,change_case:english_capital,3,False,False,"Group 3: SFT=FAIL, Base=FAIL (Concordant Fail)",G3,295,3.518456,0.12287992984056473
4,length_constraint_checkers:number_words,4,False,False,"Group 3: SFT=FAIL, Base=FAIL (Concordant Fail)",G3,3456,3.4406307,0.054493438452482224
5,length_constraint_checkers:number_words,5,False,True,"Group 1: SFT=PASS, Base=FAIL (Focal Signal)",G1,48,3.2239163,0.4874209463596344
6,length_constraint_checkers:number_words,6,False,False,"Group 3: SFT=FAIL, Base=FAIL (Concordant Fail)",G3,115,3.1586297,0.18479718267917633
7,punctuation:no_comma,7,False,False,"Group 3: SFT=FAIL, Base=FAIL (Concordant Fail)",G3,2325,4.0479946,0.11904402822256088
8,language:reasoning_language,8,False,False,"Group 3: SFT=FAIL, Base=FAIL (Concordant Fail)",G3,6,5.077988,
9,punctuation:no_comma,9,False,False,"Group 3: SFT=FAIL, Base=FAIL (Concordant Fail)",G3,1074,4.414159,0.1274426281452179
10,detectable_format:json_format,10,False,False,"Group 3: SFT=FAIL, Base=FAIL (Concordant Fail)",G3,8332,3.6718457,0.076908640563488
11,language:reasoning_language,11,False,False,"Group 3: SFT=FAIL, Base=FAIL (Concordant Fail)",G3,11863,3.5154235,0.08980397135019302
12,startend:end_checker,12,False,True,"Group 1: SFT=PASS, Base=FAIL (Focal Signal)",G1,1201,3.822134,0.047869596630334854
13,language:reasoning_language,13,True,True,"Group 2: SFT=PASS, Base=PASS (Concordant Pass)",G2,444,3.321968,0.11258137226104736
14,length_constraint_checkers:number_words,14,False,False,"Group 3: SFT=FAIL, Base=FAIL (Concordant Fail)",G3,771,4.1489625,0.17107322812080383
15,length_constraint_checkers:number_words,15,False,True,"Group 1: SFT=PASS, Base=FAIL (Focal Signal)",G1,277,3.422905,0.04141231253743172
16,detectable_format:json_format,16,False,False,"Group 3: SFT=FAIL, Base=FAIL (Concordant Fail)",G3,1455,5.006442,0.11168444901704788
17,detectable_format:json_format,17,False,False,"Group 3: SFT=FAIL, Base=FAIL (Concordant Fail)",G3,621,3.5107074,0.12576724588871002
18,language:reasoning_language,18,False,True,"Group 1: SFT=PASS, Base=FAIL (Focal Signal)",G1,2773,3.7006054,0.020808596163988113
19,length_constraint_checkers:number_words,19,False,False,"Group 3: SFT=FAIL, Base=FAIL (Concordant Fail)",G3,211,3.1137261,0.15085801482200623
20,punctuation:no_comma,20,False,True,"Group 1: SFT=PASS, Base=FAIL (Focal Signal)",G1,279,4.4100847,0.15609829127788544
21,punctuation:no_comma,21,False,False,"Group 3: SFT=FAIL, Base=FAIL (Concordant Fail)",G3,744,3.833547,0.13265486061573029
22,punctuation:no_comma,22,False,False,"Group 3: SFT=FAIL, Base=FAIL (Concordant Fail)",G3,1892,4.30073,0.043742891401052475
23,detectable_format:json_format,23,False,False,"Group 3: SFT=FAIL, Base=FAIL (Concordant Fail)",G3,479,4.3234844,0.13334621489048004
24,startend:end_checker,24,True,False,"Group 4: SFT=FAIL, Base=PASS (SFT Regression)",G4,10624,2.4240472,0.08407331258058548
25,startend:end_checker,25,False,False,"Group 3: SFT=FAIL, Base=FAIL (Concordant Fail)",G3,10,4.266594,
26,change_case:english_capital,26,False,False,"Group 3: SFT=FAIL, Base=FAIL (Concordant Fail)",G3,570,3.051139,0.10684018582105637
27,language:reasoning_language,27,False,False,"Group 3: SFT=FAIL, Base=FAIL (Concordant Fail)",G3,1,23.938168,
28,length_constraint_checkers:number_words,28,False,True,"Group 1: SFT=PASS, Base=FAIL (Focal Signal)",G1,486,3.496014,0.059988733381032944
29,punctuation:no_comma,29,False,False,"Group 3: SFT=FAIL, Base=FAIL (Concordant Fail)",G3,16383,4.4466558,0.13663433492183685
30,startend:end_checker,30,False,True,"Group 1: SFT=PASS, Base=FAIL (Focal Signal)",G1,272,3.4619598,0.14249035716056824
31,change_case:english_capital,31,False,False,"Group 3: SFT=FAIL, Base=FAIL (Concordant Fail)",G3,948,3.3726182,0.04371131956577301
32,length_constraint_checkers:number_words,32,False,False,"Group 3: SFT=FAIL, Base=FAIL (Concordant Fail)",G3,196,3.3776708,0.09010042250156403
33,length_constraint_checkers:number_words,33,False,False,"Group 3: SFT=FAIL, Base=FAIL (Concordant Fail)",G3,472,2.3992338,0.11773218214511871
34,change_case:english_capital,34,False,False,"Group 3: SFT=FAIL, Base=FAIL (Concordant Fail)",G3,225,3.1927013,0.08079716563224792
35,language:reasoning_language,35,True,True,"Group 2: SFT=PASS, Base=PASS (Concordant Pass)",G2,145,3.6322122,0.18540702760219574
36,startend:end_checker,36,False,False,"Group 3: SFT=FAIL, Base=FAIL (Concordant Fail)",G3,14081,3.5760548,0.017669526860117912
37,change_case:english_capital,37,False,False,"Group 3: SFT=FAIL, Base=FAIL (Concordant Fail)",G3,213,3.594464,0.07791518419981003
38,change_case:english_capital,38,False,False,"Group 3: SFT=FAIL, Base=FAIL (Concordant Fail)",G3,774,4.4243813,0.13482990860939026
39,detectable_format:json_format,39,False,False,"Group 3: SFT=FAIL, Base=FAIL (Concordant Fail)",G3,353,5.0578623,0.27807068824768066
40,change_case:english_capital,40,False,False,"Group 3: SFT=FAIL, Base=FAIL (Concordant Fail)",G3,190,3.2433357,0.06741546839475632
41,language:reasoning_language,41,False,False,"Group 3: SFT=FAIL, Base=FAIL (Concordant Fail)",G3,723,3.3617604,0.07427557557821274
42,startend:end_checker,42,True,False,"Group 4: SFT=FAIL, Base=PASS (SFT Regression)",G4,4,7.602537,
43,language:reasoning_language,43,False,True,"Group 1: SFT=PASS, Base=FAIL (Focal Signal)",G1,560,3.1724243,0.07604013383388519
44,language:reasoning_language,44,False,False,"Group 3: SFT=FAIL, Base=FAIL (Concordant Fail)",G3,1033,4.871378,0.2680007517337799
45,change_case:english_capital,45,False,False,"Group 3: SFT=FAIL, Base=FAIL (Concordant Fail)",G3,155,3.5355098,0.031300805509090424
46,punctuation:no_comma,46,False,True,"Group 1: SFT=PASS, Base=FAIL (Focal Signal)",G1,152,3.2693455,0.13391771912574768
47,detectable_format:json_format,47,False,False,"Group 3: SFT=FAIL, Base=FAIL (Concordant Fail)",G3,1290,3.89502,0.10502024739980698
48,change_case:english_capital,48,False,False,"Group 3: SFT=FAIL, Base=FAIL (Concordant Fail)",G3,1423,4.593463,0.057597387582063675
49,detectable_format:json_format,49,False,False,"Group 3: SFT=FAIL, Base=FAIL (Concordant Fail)",G3,147,3.958245,0.10150596499443054
50,length_constraint_checkers:number_words,50,False,False,"Group 3: SFT=FAIL, Base=FAIL (Concordant Fail)",G3,376,3.8392582,0.06670518219470978
51,punctuation:no_comma,51,False,True,"Group 1: SFT=PASS, Base=FAIL (Focal Signal)",G1,292,4.18689,0.1582988053560257
52,language:reasoning_language,52,True,True,"Group 2: SFT=PASS, Base=PASS (Concordant Pass)",G2,462,5.063779,0.1138603612780571
53,punctuation:no_comma,53,False,False,"Group 3: SFT=FAIL, Base=FAIL (Concordant Fail)",G3,3836,4.3546324,0.04909597337245941
54,length_constraint_checkers:number_words,54,False,True,"Group 1: SFT=PASS, Base=FAIL (Focal Signal)",G1,319,3.767126,0.07500749826431274
55,change_case:english_capital,55,False,False,"Group 3: SFT=FAIL, Base=FAIL (Concordant Fail)",G3,294,2.9020004,0.20290252566337585
56,language:reasoning_language,56,False,True,"Group 1: SFT=PASS, Base=FAIL (Focal Signal)",G1,177,3.6788113,0.17202629148960114
57,length_constraint_checkers:number_words,57,False,True,"Group 1: SFT=PASS, Base=FAIL (Focal Signal)",G1,1941,3.5854805,0.07843030989170074
58,language:reasoning_language,58,False,False,"Group 3: SFT=FAIL, Base=FAIL (Concordant Fail)",G3,3632,3.2731164,0.07453631609678268
59,change_case:english_capital,59,False,False,"Group 3: SFT=FAIL, Base=FAIL (Concordant Fail)",G3,2722,4.1260586,0.06530173867940903
60,startend:end_checker,60,False,True,"Group 1: SFT=PASS, Base=FAIL (Focal Signal)",G1,925,3.710839,0.10286233574151993
61,change_case:english_capital,61,False,False,"Group 3: SFT=FAIL, Base=FAIL (Concordant Fail)",G3,319,4.132731,0.23810933530330658
62,length_constraint_checkers:number_words,62,False,True,"Group 1: SFT=PASS, Base=FAIL (Focal Signal)",G1,3,10.688412,
63,change_case:english_capital,63,False,False,"Group 3: SFT=FAIL, Base=FAIL (Concordant Fail)",G3,319,4.3068404,0.10299504548311234
64,change_case:english_capital,64,False,False,"Group 3: SFT=FAIL, Base=FAIL (Concordant Fail)",G3,635,4.5288286,0.0854409784078598
65,length_constraint_checkers:number_words,65,False,False,"Group 3: SFT=FAIL, Base=FAIL (Concordant Fail)",G3,11976,3.4364028,0.009893559850752354
66,punctuation:no_comma,66,False,False,"Group 3: SFT=FAIL, Base=FAIL (Concordant Fail)",G3,2140,4.170103,0.07134687900543213
67,change_case:english_capital,67,False,False,"Group 3: SFT=FAIL, Base=FAIL (Concordant Fail)",G3,2023,4.211507,0.0789540484547615
68,punctuation:no_comma,68,False,True,"Group 1: SFT=PASS, Base=FAIL (Focal Signal)",G1,319,4.1641226,0.05658391863107681
69,punctuation:no_comma,69,False,False,"Group 3: SFT=FAIL, Base=FAIL (Concordant Fail)",G3,1632,4.08494,0.018253887072205544
70,punctuation:no_comma,70,False,False,"Group 3: SFT=FAIL, Base=FAIL (Concordant Fail)",G3,16383,4.165913,0.04073524847626686
71,language:reasoning_language,71,False,False,"Group 3: SFT=FAIL, Base=FAIL (Concordant Fail)",G3,551,3.1785057,0.10556595027446747
72,punctuation:no_comma,72,False,False,"Group 3: SFT=FAIL, Base=FAIL (Concordant Fail)",G3,11017,3.9333186,0.021762534976005554
73,length_constraint_checkers:number_words,73,False,False,"Group 3: SFT=FAIL, Base=FAIL (Concordant Fail)",G3,4229,3.4153755,0.03632688149809837
74,detectable_format:json_format,74,False,False,"Group 3: SFT=FAIL, Base=FAIL (Concordant Fail)",G3,1151,3.1543818,0.07172717154026031
75,punctuation:no_comma,75,False,False,"Group 3: SFT=FAIL, Base=FAIL (Concordant Fail)",G3,455,3.9635117,0.07805638760328293
76,length_constraint_checkers:number_words,76,False,True,"Group 1: SFT=PASS, Base=FAIL (Focal Signal)",G1,127,3.3305466,0.049488216638565063
77,length_constraint_checkers:number_words,77,True,True,"Group 2: SFT=PASS, Base=PASS (Concordant Pass)",G2,349,2.9180903,0.15807963907718658
78,startend:end_checker,78,True,True,"Group 2: SFT=PASS, Base=PASS (Concordant Pass)",G2,86,3.7296786,0.3074253499507904
79,change_case:english_capital,79,False,False,"Group 3: SFT=FAIL, Base=FAIL (Concordant Fail)",G3,68,3.3937867,0.14727842807769775
80,punctuation:no_comma,80,False,True,"Group 1: SFT=PASS, Base=FAIL (Focal Signal)",G1,274,3.6140766,0.17473360896110535
81,punctuation:no_comma,81,False,True,"Group 1: SFT=PASS, Base=FAIL (Focal Signal)",G1,170,3.8415833,0.23608040809631348
82,detectable_format:json_format,82,False,False,"Group 3: SFT=FAIL, Base=FAIL (Concordant Fail)",G3,1486,3.6481147,0.04296336695551872
83,length_constraint_checkers:number_words,83,False,True,"Group 1: SFT=PASS, Base=FAIL (Focal Signal)",G1,80,4.044997,0.22598910331726074
84,punctuation:no_comma,84,False,False,"Group 3: SFT=FAIL, Base=FAIL (Concordant Fail)",G3,305,3.5000725,0.1543423980474472
85,change_case:english_capital,85,False,False,"Group 3: SFT=FAIL, Base=FAIL (Concordant Fail)",G3,3,10.860435,
86,language:reasoning_language,86,True,True,"Group 2: SFT=PASS, Base=PASS (Concordant Pass)",G2,155,4.008865,0.08753478527069092
87,language:reasoning_language,87,True,False,"Group 4: SFT=FAIL, Base=PASS (SFT Regression)",G4,1992,3.4962602,0.033031873404979706
88,change_case:english_capital,88,False,False,"Group 3: SFT=FAIL, Base=FAIL (Concordant Fail)",G3,836,3.3729331,0.05544466897845268
89,startend:end_checker,89,False,True,"Group 1: SFT=PASS, Base=FAIL (Focal Signal)",G1,303,3.0617344,0.10107818245887756
90,language:reasoning_language,90,True,False,"Group 4: SFT=FAIL, Base=PASS (SFT Regression)",G4,1,23.746199,
91,detectable_format:json_format,91,False,False,"Group 3: SFT=FAIL, Base=FAIL (Concordant Fail)",G3,325,3.303044,0.08742725849151611
92,punctuation:no_comma,92,False,False,"Group 3: SFT=FAIL, Base=FAIL (Concordant Fail)",G3,3608,4.435801,0.06289984285831451
93,change_case:english_capital,93,False,False,"Group 3: SFT=FAIL, Base=FAIL (Concordant Fail)",G3,2,15.498968,
94,length_constraint_checkers:number_words,94,False,True,"Group 1: SFT=PASS, Base=FAIL (Focal Signal)",G1,11,3.5612214,0.24309545755386353
95,punctuation:no_comma,95,False,False,"Group 3: SFT=FAIL, Base=FAIL (Concordant Fail)",G3,16383,4.1532335,0.08200015872716904
96,startend:end_checker,96,False,False,"Group 3: SFT=FAIL, Base=FAIL (Concordant Fail)",G3,1378,3.4589608,0.06396467983722687
97,punctuation:no_comma,97,False,True,"Group 1: SFT=PASS, Base=FAIL (Focal Signal)",G1,3,11.623436,
98,startend:end_checker,98,False,False,"Group 3: SFT=FAIL, Base=FAIL (Concordant Fail)",G3,356,3.83965,0.16490979492664337
99,change_case:english_capital,99,False,False,"Group 3: SFT=FAIL, Base=FAIL (Concordant Fail)",G3,187,2.9907649,0.0888008251786232
100,length_constraint_checkers:number_words,100,False,False,"Group 3: SFT=FAIL, Base=FAIL (Concordant Fail)",G3,2635,3.418904,0.029167521744966507
101,length_constraint_checkers:number_words,101,False,True,"Group 1: SFT=PASS, Base=FAIL (Focal Signal)",G1,60,2.8278055,0.15892203152179718
102,punctuation:no_comma,102,False,False,"Group 3: SFT=FAIL, Base=FAIL (Concordant Fail)",G3,320,4.201363,0.1250196099281311
103,detectable_format:json_format,103,False,False,"Group 3: SFT=FAIL, Base=FAIL (Concordant Fail)",G3,203,3.756185,0.07373537123203278
104,detectable_format:json_format,104,False,False,"Group 3: SFT=FAIL, Base=FAIL (Concordant Fail)",G3,1409,3.4060853,0.07160686701536179
105,change_case:english_capital,105,False,False,"Group 3: SFT=FAIL, Base=FAIL (Concordant Fail)",G3,358,2.9337754,0.07860853523015976
106,punctuation:no_comma,106,False,False,"Group 3: SFT=FAIL, Base=FAIL (Concordant Fail)",G3,1074,4.0817146,0.05939585343003273
107,detectable_format:json_format,107,False,False,"Group 3: SFT=FAIL, Base=FAIL (Concordant Fail)",G3,196,3.9313865,0.2922830581665039
108,startend:end_checker,108,False,False,"Group 3: SFT=FAIL, Base=FAIL (Concordant Fail)",G3,7942,3.926477,0.04756425321102142
109,startend:end_checker,109,False,False,"Group 3: SFT=FAIL, Base=FAIL (Concordant Fail)",G3,772,4.010245,0.07088730484247208
110,length_constraint_checkers:number_words,110,False,True,"Group 1: SFT=PASS, Base=FAIL (Focal Signal)",G1,92,3.8359802,0.07745203375816345
111,length_constraint_checkers:number_words,111,False,True,"Group 1: SFT=PASS, Base=FAIL (Focal Signal)",G1,315,4.159544,0.14573432505130768
112,detectable_format:json_format,112,False,False,"Group 3: SFT=FAIL, Base=FAIL (Concordant Fail)",G3,225,5.396424,0.19454051554203033
113,startend:end_checker,113,False,False,"Group 3: SFT=FAIL, Base=FAIL (Concordant Fail)",G3,367,3.3545196,0.11063846200704575
114,language:reasoning_language,114,False,True,"Group 1: SFT=PASS, Base=FAIL (Focal Signal)",G1,978,2.8774443,0.09293333441019058
115,language:reasoning_language,115,True,False,"Group 4: SFT=FAIL, Base=PASS (SFT Regression)",G4,1544,3.5714931,0.08827334642410278
116,punctuation:no_comma,116,False,True,"Group 1: SFT=PASS, Base=FAIL (Focal Signal)",G1,304,4.75616,0.11752435564994812
117,length_constraint_checkers:number_words,117,False,False,"Group 3: SFT=FAIL, Base=FAIL (Concordant Fail)",G3,280,4.0211425,0.09760090708732605
118,punctuation:no_comma,118,False,False,"Group 3: SFT=FAIL, Base=FAIL (Concordant Fail)",G3,1272,4.318963,0.06398632377386093
119,startend:end_checker,119,False,False,"Group 3: SFT=FAIL, Base=FAIL (Concordant Fail)",G3,400,4.086108,0.11436692625284195
120,language:reasoning_language,120,False,True,"Group 1: SFT=PASS, Base=FAIL (Focal Signal)",G1,230,3.0713181,0.2595621347427368
121,startend:end_checker,121,False,True,"Group 1: SFT=PASS, Base=FAIL (Focal Signal)",G1,7564,4.0104275,0.0385497584939003
122,startend:end_checker,122,False,True,"Group 1: SFT=PASS, Base=FAIL (Focal Signal)",G1,8297,4.534825,0.05497390031814575
123,change_case:english_capital,123,False,False,"Group 3: SFT=FAIL, Base=FAIL (Concordant Fail)",G3,1489,4.3641167,0.10221315920352936
124,detectable_format:json_format,124,False,False,"Group 3: SFT=FAIL, Base=FAIL (Concordant Fail)",G3,823,5.7674127,0.14480288326740265
125,language:reasoning_language,125,False,False,"Group 3: SFT=FAIL, Base=FAIL (Concordant Fail)",G3,732,3.5687013,0.06780625134706497
126,punctuation:no_comma,126,False,False,"Group 3: SFT=FAIL, Base=FAIL (Concordant Fail)",G3,1197,3.7600045,0.04870228096842766
127,language:reasoning_language,127,False,False,"Group 3: SFT=FAIL, Base=FAIL (Concordant Fail)",G3,1060,3.5655575,0.034898363053798676
128,detectable_format:json_format,128,False,False,"Group 3: SFT=FAIL, Base=FAIL (Concordant Fail)",G3,380,4.020197,0.07736680656671524
129,change_case:english_capital,129,False,False,"Group 3: SFT=FAIL, Base=FAIL (Concordant Fail)",G3,7014,4.12333,0.13004186749458313
130,punctuation:no_comma,130,False,True,"Group 1: SFT=PASS, Base=FAIL (Focal Signal)",G1,283,3.5044403,0.19983579218387604
131,change_case:english_capital,131,False,False,"Group 3: SFT=FAIL, Base=FAIL (Concordant Fail)",G3,972,4.4900312,0.07883448898792267
132,language:reasoning_language,132,False,False,"Group 3: SFT=FAIL, Base=FAIL (Concordant Fail)",G3,107,3.9791305,0.36755308508872986
133,startend:end_checker,133,False,False,"Group 3: SFT=FAIL, Base=FAIL (Concordant Fail)",G3,482,3.6892304,0.17596228420734406
134,startend:end_checker,134,False,False,"Group 3: SFT=FAIL, Base=FAIL (Concordant Fail)",G3,662,3.6550126,0.062077756971120834
135,punctuation:no_comma,135,True,True,"Group 2: SFT=PASS, Base=PASS (Concordant Pass)",G2,170,3.68499,0.0783817321062088
136,punctuation:no_comma,136,False,False,"Group 3: SFT=FAIL, Base=FAIL (Concordant Fail)",G3,3437,4.272205,0.055712997913360596
137,change_case:english_capital,137,False,False,"Group 3: SFT=FAIL, Base=FAIL (Concordant Fail)",G3,200,3.7006931,0.06883342564105988
138,detectable_format:json_format,138,False,False,"Group 3: SFT=FAIL, Base=FAIL (Concordant Fail)",G3,242,4.9114327,0.11168452352285385
139,length_constraint_checkers:number_words,139,False,True,"Group 1: SFT=PASS, Base=FAIL (Focal Signal)",G1,447,3.0132444,0.13464291393756866
140,detectable_format:json_format,140,False,False,"Group 3: SFT=FAIL, Base=FAIL (Concordant Fail)",G3,1,27.603134,
141,language:reasoning_language,141,False,True,"Group 1: SFT=PASS, Base=FAIL (Focal Signal)",G1,400,3.1456883,0.1459154188632965
142,punctuation:no_comma,142,True,True,"Group 2: SFT=PASS, Base=PASS (Concordant Pass)",G2,127,3.8278236,0.1265588402748108
143,change_case:english_capital,143,False,False,"Group 3: SFT=FAIL, Base=FAIL (Concordant Fail)",G3,157,3.769569,0.09558358788490295
144,punctuation:no_comma,144,False,False,"Group 3: SFT=FAIL, Base=FAIL (Concordant Fail)",G3,348,4.6324234,0.11217596381902695
145,detectable_format:json_format,145,False,False,"Group 3: SFT=FAIL, Base=FAIL (Concordant Fail)",G3,761,3.4562469,0.050527676939964294
146,detectable_format:json_format,146,False,False,"Group 3: SFT=FAIL, Base=FAIL (Concordant Fail)",G3,640,3.3383555,0.0995660275220871
147,length_constraint_checkers:number_words,147,True,False,"Group 4: SFT=FAIL, Base=PASS (SFT Regression)",G4,1020,3.653789,0.0656726211309433
148,length_constraint_checkers:number_words,148,False,False,"Group 3: SFT=FAIL, Base=FAIL (Concordant Fail)",G3,5254,3.3879876,0.022758595645427704
149,change_case:english_capital,149,False,False,"Group 3: SFT=FAIL, Base=FAIL (Concordant Fail)",G3,5,6.645919,
150,length_constraint_checkers:number_words,150,False,False,"Group 3: SFT=FAIL, Base=FAIL (Concordant Fail)",G3,590,3.3136418,0.06237043812870979
151,detectable_format:json_format,151,False,False,"Group 3: SFT=FAIL, Base=FAIL (Concordant Fail)",G3,208,4.487688,0.16239109635353088
152,detectable_format:json_format,152,False,False,"Group 3: SFT=FAIL, Base=FAIL (Concordant Fail)",G3,6336,3.4993794,0.17152513563632965
153,language:reasoning_language,153,False,False,"Group 3: SFT=FAIL, Base=FAIL (Concordant Fail)",G3,572,3.5732942,0.08207929134368896
154,change_case:english_capital,154,False,False,"Group 3: SFT=FAIL, Base=FAIL (Concordant Fail)",G3,3347,4.436926,0.07016540318727493
155,startend:end_checker,155,False,True,"Group 1: SFT=PASS, Base=FAIL (Focal Signal)",G1,188,4.1247387,0.11713610589504242
156,language:reasoning_language,156,False,False,"Group 3: SFT=FAIL, Base=FAIL (Concordant Fail)",G3,1184,3.8740966,0.11562827229499817
157,change_case:english_capital,157,False,False,"Group 3: SFT=FAIL, Base=FAIL (Concordant Fail)",G3,15822,4.3541565,0.019327647984027863
158,length_constraint_checkers:number_words,158,True,False,"Group 4: SFT=FAIL, Base=PASS (SFT Regression)",G4,137,3.3086724,0.21761368215084076
159,language:reasoning_language,159,True,False,"Group 4: SFT=FAIL, Base=PASS (SFT Regression)",G4,4249,3.6336563,0.10380164533853531
160,detectable_format:json_format,160,False,False,"Group 3: SFT=FAIL, Base=FAIL (Concordant Fail)",G3,291,3.4676082,0.04247640445828438
161,language:reasoning_language,161,True,True,"Group 2: SFT=PASS, Base=PASS (Concordant Pass)",G2,404,3.5255566,0.1479269564151764
162,punctuation:no_comma,162,False,False,"Group 3: SFT=FAIL, Base=FAIL (Concordant Fail)",G3,8791,4.1243753,0.08394332230091095
163,startend:end_checker,163,True,True,"Group 2: SFT=PASS, Base=PASS (Concordant Pass)",G2,11303,3.611506,0.13397227227687836
164,detectable_format:json_format,164,False,False,"Group 3: SFT=FAIL, Base=FAIL (Concordant Fail)",G3,4261,4.156801,0.1055518239736557
165,length_constraint_checkers:number_words,165,False,False,"Group 3: SFT=FAIL, Base=FAIL (Concordant Fail)",G3,147,3.7838852,0.06231655552983284
166,length_constraint_checkers:number_words,166,False,True,"Group 1: SFT=PASS, Base=FAIL (Focal Signal)",G1,2,12.611478,
167,punctuation:no_comma,167,False,True,"Group 1: SFT=PASS, Base=FAIL (Focal Signal)",G1,273,4.4045343,0.10712787508964539
168,startend:end_checker,168,True,True,"Group 2: SFT=PASS, Base=PASS (Concordant Pass)",G2,1383,4.4982176,0.04642889276146889
169,length_constraint_checkers:number_words,169,False,True,"Group 1: SFT=PASS, Base=FAIL (Focal Signal)",G1,60,3.3023407,0.4460793435573578
170,change_case:english_capital,170,False,False,"Group 3: SFT=FAIL, Base=FAIL (Concordant Fail)",G3,385,3.8914936,0.10351249575614929
171,detectable_format:json_format,171,False,False,"Group 3: SFT=FAIL, Base=FAIL (Concordant Fail)",G3,1226,4.1116233,0.16682979464530945
172,detectable_format:json_format,172,False,False,"Group 3: SFT=FAIL, Base=FAIL (Concordant Fail)",G3,1922,3.3308659,0.03680748492479324
173,startend:end_checker,173,False,True,"Group 1: SFT=PASS, Base=FAIL (Focal Signal)",G1,234,3.770403,0.1552189588546753
174,detectable_format:json_format,174,False,False,"Group 3: SFT=FAIL, Base=FAIL (Concordant Fail)",G3,377,5.618943,0.14644114673137665
175,punctuation:no_comma,175,True,True,"Group 2: SFT=PASS, Base=PASS (Concordant Pass)",G2,249,3.9408214,0.10246385633945465
176,punctuation:no_comma,176,False,False,"Group 3: SFT=FAIL, Base=FAIL (Concordant Fail)",G3,6490,4.2901735,0.1139480248093605
177,length_constraint_checkers:number_words,177,False,True,"Group 1: SFT=PASS, Base=FAIL (Focal Signal)",G1,60,3.0756316,0.27224141359329224
178,punctuation:no_comma,178,True,False,"Group 4: SFT=FAIL, Base=PASS (SFT Regression)",G4,484,4.001022,0.06424170732498169
179,change_case:english_capital,179,False,False,"Group 3: SFT=FAIL, Base=FAIL (Concordant Fail)",G3,226,3.7352777,0.09288198500871658
180,startend:end_checker,180,False,True,"Group 1: SFT=PASS, Base=FAIL (Focal Signal)",G1,677,4.524831,0.04136479273438454
181,punctuation:no_comma,181,False,False,"Group 3: SFT=FAIL, Base=FAIL (Concordant Fail)",G3,761,4.409072,0.06089615449309349
182,change_case:english_capital,182,False,False,"Group 3: SFT=FAIL, Base=FAIL (Concordant Fail)",G3,1022,4.1261525,0.058606382459402084
183,startend:end_checker,183,False,False,"Group 3: SFT=FAIL, Base=FAIL (Concordant Fail)",G3,1276,4.086932,0.02652745321393013
184,startend:end_checker,184,True,False,"Group 4: SFT=FAIL, Base=PASS (SFT Regression)",G4,573,4.0625725,0.08719262480735779
185,length_constraint_checkers:number_words,185,False,False,"Group 3: SFT=FAIL, Base=FAIL (Concordant Fail)",G3,414,3.1116776,0.0428781732916832
186,length_constraint_checkers:number_words,186,False,False,"Group 3: SFT=FAIL, Base=FAIL (Concordant Fail)",G3,1176,3.6089063,0.03862609714269638
187,language:reasoning_language,187,False,True,"Group 1: SFT=PASS, Base=FAIL (Focal Signal)",G1,1075,3.5771408,0.047001615166664124
188,language:reasoning_language,188,False,True,"Group 1: SFT=PASS, Base=FAIL (Focal Signal)",G1,82,3.2242177,0.2550655007362366
189,detectable_format:json_format,189,False,False,"Group 3: SFT=FAIL, Base=FAIL (Concordant Fail)",G3,348,3.5202115,0.1475091278553009
190,length_constraint_checkers:number_words,190,False,True,"Group 1: SFT=PASS, Base=FAIL (Focal Signal)",G1,300,3.8810222,0.09389698505401611
191,detectable_format:json_format,191,False,False,"Group 3: SFT=FAIL, Base=FAIL (Concordant Fail)",G3,217,4.7408285,0.24017170071601868
192,length_constraint_checkers:number_words,192,False,False,"Group 3: SFT=FAIL, Base=FAIL (Concordant Fail)",G3,65,2.9006314,0.529286801815033
193,language:reasoning_language,193,True,True,"Group 2: SFT=PASS, Base=PASS (Concordant Pass)",G2,217,4.7204614,0.13646431267261505
194,punctuation:no_comma,194,True,True,"Group 2: SFT=PASS, Base=PASS (Concordant Pass)",G2,151,3.643402,0.13370417058467865
195,punctuation:no_comma,195,False,False,"Group 3: SFT=FAIL, Base=FAIL (Concordant Fail)",G3,581,5.0979342,0.14154410362243652
196,language:reasoning_language,196,True,False,"Group 4: SFT=FAIL, Base=PASS (SFT Regression)",G4,212,3.2222831,0.16486488282680511
197,language:reasoning_language,197,True,True,"Group 2: SFT=PASS, Base=PASS (Concordant Pass)",G2,8763,3.644434,0.06180965155363083
198,change_case:english_capital,198,False,False,"Group 3: SFT=FAIL, Base=FAIL (Concordant Fail)",G3,225,3.571773,0.07422831654548645
199,language:reasoning_language,199,False,False,"Group 3: SFT=FAIL, Base=FAIL (Concordant Fail)",G3,8362,3.6315587,0.048462942242622375
200,length_constraint_checkers:number_words,200,False,True,"Group 1: SFT=PASS, Base=FAIL (Focal Signal)",G1,690,4.039211,0.05223674327135086
201,change_case:english_capital,201,False,False,"Group 3: SFT=FAIL, Base=FAIL (Concordant Fail)",G3,3489,4.7001686,0.0699377954006195
202,punctuation:no_comma,202,False,False,"Group 3: SFT=FAIL, Base=FAIL (Concordant Fail)",G3,2287,4.2170873,0.055302005261182785
203,startend:end_checker,203,False,False,"Group 3: SFT=FAIL, Base=FAIL (Concordant Fail)",G3,354,3.543141,0.12556980550289154
204,detectable_format:json_format,204,False,False,"Group 3: SFT=FAIL, Base=FAIL (Concordant Fail)",G3,881,3.483308,0.07778478413820267
205,length_constraint_checkers:number_words,205,False,False,"Group 3: SFT=FAIL, Base=FAIL (Concordant Fail)",G3,672,3.1381068,0.08760806173086166
206,punctuation:no_comma,206,False,True,"Group 1: SFT=PASS, Base=FAIL (Focal Signal)",G1,176,3.4215083,0.09687371551990509
207,detectable_format:json_format,207,False,False,"Group 3: SFT=FAIL, Base=FAIL (Concordant Fail)",G3,365,3.9884598,0.2659936547279358
208,detectable_format:json_format,208,False,False,"Group 3: SFT=FAIL, Base=FAIL (Concordant Fail)",G3,670,4.0863748,0.11063287407159805
209,startend:end_checker,209,True,True,"Group 2: SFT=PASS, Base=PASS (Concordant Pass)",G2,153,4.042043,0.10260507464408875
210,startend:end_checker,210,True,False,"Group 4: SFT=FAIL, Base=PASS (SFT Regression)",G4,8281,4.239862,0.024843836203217506
211,length_constraint_checkers:number_words,211,False,False,"Group 3: SFT=FAIL, Base=FAIL (Concordant Fail)",G3,182,3.3752441,0.034285880625247955
212,language:reasoning_language,212,True,True,"Group 2: SFT=PASS, Base=PASS (Concordant Pass)",G2,961,4.64699,0.13401231169700623
213,punctuation:no_comma,213,False,True,"Group 1: SFT=PASS, Base=FAIL (Focal Signal)",G1,214,4.371357,0.0810478925704956
214,startend:end_checker,214,True,False,"Group 4: SFT=FAIL, Base=PASS (SFT Regression)",G4,1853,3.7211437,0.07077346742153168
215,startend:end_checker,215,False,False,"Group 3: SFT=FAIL, Base=FAIL (Concordant Fail)",G3,431,4.026741,0.0886893942952156
216,startend:end_checker,216,False,True,"Group 1: SFT=PASS, Base=FAIL (Focal Signal)",G1,146,4.1265974,0.09133090078830719
217,language:reasoning_language,217,False,False,"Group 3: SFT=FAIL, Base=FAIL (Concordant Fail)",G3,1,25.416224,
218,punctuation:no_comma,218,False,True,"Group 1: SFT=PASS, Base=FAIL (Focal Signal)",G1,177,3.7574685,0.05249377712607384
219,punctuation:no_comma,219,False,False,"Group 3: SFT=FAIL, Base=FAIL (Concordant Fail)",G3,16383,3.946003,0.16447588801383972
220,language:reasoning_language,220,True,True,"Group 2: SFT=PASS, Base=PASS (Concordant Pass)",G2,1208,3.6247401,0.0437932088971138
221,startend:end_checker,221,False,False,"Group 3: SFT=FAIL, Base=FAIL (Concordant Fail)",G3,222,3.757045,0.12342943251132965
222,change_case:english_capital,222,False,False,"Group 3: SFT=FAIL, Base=FAIL (Concordant Fail)",G3,891,3.1087441,0.07888881117105484
223,language:reasoning_language,223,True,False,"Group 4: SFT=FAIL, Base=PASS (SFT Regression)",G4,1,24.193205,
224,length_constraint_checkers:number_words,224,False,False,"Group 3: SFT=FAIL, Base=FAIL (Concordant Fail)",G3,2395,4.077636,0.12087118625640869
225,length_constraint_checkers:number_words,225,False,False,"Group 3: SFT=FAIL, Base=FAIL (Concordant Fail)",G3,168,3.7963607,0.0491834320127964
226,detectable_format:json_format,226,False,False,"Group 3: SFT=FAIL, Base=FAIL (Concordant Fail)",G3,138,5.6094975,0.18000248074531555
227,startend:end_checker,227,False,True,"Group 1: SFT=PASS, Base=FAIL (Focal Signal)",G1,110,3.647311,0.13262967765331268
228,startend:end_checker,228,True,False,"Group 4: SFT=FAIL, Base=PASS (SFT Regression)",G4,642,4.04158,0.05621322616934776
229,change_case:english_capital,229,False,False,"Group 3: SFT=FAIL, Base=FAIL (Concordant Fail)",G3,740,3.1049416,0.11579998582601547
230,startend:end_checker,230,False,True,"Group 1: SFT=PASS, Base=FAIL (Focal Signal)",G1,470,4.255697,0.1488470435142517
231,language:reasoning_language,231,False,True,"Group 1: SFT=PASS, Base=FAIL (Focal Signal)",G1,12352,3.636193,0.08120374381542206
232,detectable_format:json_format,232,False,False,"Group 3: SFT=FAIL, Base=FAIL (Concordant Fail)",G3,168,3.590995,0.07649219036102295
233,language:reasoning_language,233,True,True,"Group 2: SFT=PASS, Base=PASS (Concordant Pass)",G2,513,3.4057586,0.0958946943283081
234,punctuation:no_comma,234,False,True,"Group 1: SFT=PASS, Base=FAIL (Focal Signal)",G1,4,8.885661,
235,detectable_format:json_format,235,False,False,"Group 3: SFT=FAIL, Base=FAIL (Concordant Fail)",G3,449,3.52486,0.0990225225687027
236,language:reasoning_language,236,True,True,"Group 2: SFT=PASS, Base=PASS (Concordant Pass)",G2,5398,3.7350163,0.07246457040309906
237,length_constraint_checkers:number_words,237,False,True,"Group 1: SFT=PASS, Base=FAIL (Focal Signal)",G1,525,3.3321507,0.0927606150507927
238,length_constraint_checkers:number_words,238,False,False,"Group 3: SFT=FAIL, Base=FAIL (Concordant Fail)",G3,136,3.2030792,0.08294014632701874
239,startend:end_checker,239,False,True,"Group 1: SFT=PASS, Base=FAIL (Focal Signal)",G1,241,3.4175816,0.08143080770969391
240,startend:end_checker,240,False,False,"Group 3: SFT=FAIL, Base=FAIL (Concordant Fail)",G3,569,4.152625,0.10345080494880676
241,startend:end_checker,241,False,True,"Group 1: SFT=PASS, Base=FAIL (Focal Signal)",G1,715,4.0815687,0.04526941105723381
242,length_constraint_checkers:number_words,242,False,True,"Group 1: SFT=PASS, Base=FAIL (Focal Signal)",G1,41,3.0343697,0.35381045937538147
243,startend:end_checker,243,False,False,"Group 3: SFT=FAIL, Base=FAIL (Concordant Fail)",G3,230,3.6725445,0.10027579963207245
244,startend:end_checker,244,False,True,"Group 1: SFT=PASS, Base=FAIL (Focal Signal)",G1,11736,4.085109,0.06335534900426865
245,startend:end_checker,245,False,True,"Group 1: SFT=PASS, Base=FAIL (Focal Signal)",G1,1017,3.4599426,0.08594115823507309
246,startend:end_checker,246,False,True,"Group 1: SFT=PASS, Base=FAIL (Focal Signal)",G1,319,3.1799135,0.10504035651683807
247,punctuation:no_comma,247,False,False,"Group 3: SFT=FAIL, Base=FAIL (Concordant Fail)",G3,2030,3.9626904,0.03206518664956093
248,detectable_format:json_format,248,False,False,"Group 3: SFT=FAIL, Base=FAIL (Concordant Fail)",G3,578,3.8520806,0.07718677073717117
249,punctuation:no_comma,249,False,False,"Group 3: SFT=FAIL, Base=FAIL (Concordant Fail)",G3,956,4.7589045,0.06463106721639633
250,punctuation:no_comma,250,False,True,"Group 1: SFT=PASS, Base=FAIL (Focal Signal)",G1,230,3.8479977,0.20993874967098236
251,startend:end_checker,251,False,False,"Group 3: SFT=FAIL, Base=FAIL (Concordant Fail)",G3,13433,4.162767,0.07051956653594971
252,length_constraint_checkers:number_words,252,False,False,"Group 3: SFT=FAIL, Base=FAIL (Concordant Fail)",G3,176,3.041185,0.12400124967098236
253,change_case:english_capital,253,False,False,"Group 3: SFT=FAIL, Base=FAIL (Concordant Fail)",G3,2966,4.2069397,0.1090727150440216
254,length_constraint_checkers:number_words,254,False,True,"Group 1: SFT=PASS, Base=FAIL (Focal Signal)",G1,34,2.8898447,0.21948911249637604
255,language:reasoning_language,255,False,True,"Group 1: SFT=PASS, Base=FAIL (Focal Signal)",G1,162,3.1407719,0.06786399334669113
256,punctuation:no_comma,256,False,True,"Group 1: SFT=PASS, Base=FAIL (Focal Signal)",G1,310,3.7906003,0.10749490559101105
257,detectable_format:json_format,257,False,False,"Group 3: SFT=FAIL, Base=FAIL (Concordant Fail)",G3,559,3.7181137,0.09824464470148087
258,language:reasoning_language,258,False,False,"Group 3: SFT=FAIL, Base=FAIL (Concordant Fail)",G3,292,3.0839458,0.1254654824733734
259,change_case:english_capital,259,False,False,"Group 3: SFT=FAIL, Base=FAIL (Concordant Fail)",G3,814,4.866582,0.07305117696523666
260,language:reasoning_language,260,True,True,"Group 2: SFT=PASS, Base=PASS (Concordant Pass)",G2,16383,4.2695656,0.036620333790779114
261,detectable_format:json_format,261,False,False,"Group 3: SFT=FAIL, Base=FAIL (Concordant Fail)",G3,176,4.619916,0.08324332535266876
262,startend:end_checker,262,False,False,"Group 3: SFT=FAIL, Base=FAIL (Concordant Fail)",G3,98,3.9230156,0.11421262472867966
263,detectable_format:json_format,263,False,False,"Group 3: SFT=FAIL, Base=FAIL (Concordant Fail)",G3,2583,3.0282688,0.07173843681812286
264,length_constraint_checkers:number_words,264,False,False,"Group 3: SFT=FAIL, Base=FAIL (Concordant Fail)",G3,4519,3.3513541,0.06490632146596909
265,language:reasoning_language,265,False,True,"Group 1: SFT=PASS, Base=FAIL (Focal Signal)",G1,923,4.8111553,0.06249113008379936
266,language:reasoning_language,266,True,True,"Group 2: SFT=PASS, Base=PASS (Concordant Pass)",G2,282,2.9888682,0.07335232943296432
267,length_constraint_checkers:number_words,267,False,True,"Group 1: SFT=PASS, Base=FAIL (Focal Signal)",G1,509,3.207732,0.08702663332223892
268,language:reasoning_language,268,False,True,"Group 1: SFT=PASS, Base=FAIL (Focal Signal)",G1,200,3.588908,0.1707542985677719
269,language:reasoning_language,269,False,True,"Group 1: SFT=PASS, Base=FAIL (Focal Signal)",G1,562,3.6449013,0.10579650849103928
270,length_constraint_checkers:number_words,270,False,False,"Group 3: SFT=FAIL, Base=FAIL (Concordant Fail)",G3,730,3.3204637,0.16227270662784576
271,startend:end_checker,271,False,False,"Group 3: SFT=FAIL, Base=FAIL (Concordant Fail)",G3,836,4.246867,0.13136880099773407
272,detectable_format:json_format,272,False,False,"Group 3: SFT=FAIL, Base=FAIL (Concordant Fail)",G3,4103,3.411017,0.022866539657115936
273,length_constraint_checkers:number_words,273,False,True,"Group 1: SFT=PASS, Base=FAIL (Focal Signal)",G1,47,2.7829523,0.43055763840675354
274,detectable_format:json_format,274,False,False,"Group 3: SFT=FAIL, Base=FAIL (Concordant Fail)",G3,16383,3.5466018,0.07831038534641266
275,detectable_format:json_format,275,False,False,"Group 3: SFT=FAIL, Base=FAIL (Concordant Fail)",G3,203,3.8972378,0.11512016505002975
276,language:reasoning_language,276,False,False,"Group 3: SFT=FAIL, Base=FAIL (Concordant Fail)",G3,2671,3.507813,0.06416422873735428
277,language:reasoning_language,277,False,True,"Group 1: SFT=PASS, Base=FAIL (Focal Signal)",G1,3446,3.7141242,0.10670546442270279
278,punctuation:no_comma,278,False,False,"Group 3: SFT=FAIL, Base=FAIL (Concordant Fail)",G3,397,4.5627527,0.10304993391036987
279,detectable_format:json_format,279,False,False,"Group 3: SFT=FAIL, Base=FAIL (Concordant Fail)",G3,3471,4.6996374,0.09314913302659988
280,detectable_format:json_format,280,False,False,"Group 3: SFT=FAIL, Base=FAIL (Concordant Fail)",G3,403,5.356806,0.18527929484844208
281,detectable_format:json_format,281,False,False,"Group 3: SFT=FAIL, Base=FAIL (Concordant Fail)",G3,1238,3.5782924,0.0433490015566349
282,change_case:english_capital,282,False,False,"Group 3: SFT=FAIL, Base=FAIL (Concordant Fail)",G3,1523,4.351426,0.04533008858561516
283,change_case:english_capital,283,False,False,"Group 3: SFT=FAIL, Base=FAIL (Concordant Fail)",G3,294,4.245331,0.04078461229801178
284,length_constraint_checkers:number_words,284,False,True,"Group 1: SFT=PASS, Base=FAIL (Focal Signal)",G1,475,4.0915227,0.10474879294633865
285,punctuation:no_comma,285,True,True,"Group 2: SFT=PASS, Base=PASS (Concordant Pass)",G2,195,4.2337213,0.09396016597747803
286,punctuation:no_comma,286,False,False,"Group 3: SFT=FAIL, Base=FAIL (Concordant Fail)",G3,779,4.308493,0.05035892128944397
287,change_case:english_capital,287,False,False,"Group 3: SFT=FAIL, Base=FAIL (Concordant Fail)",G3,5533,4.3236055,0.07469442486763
288,length_constraint_checkers:number_words,288,False,True,"Group 1: SFT=PASS, Base=FAIL (Focal Signal)",G1,424,3.7134368,0.0961051657795906
289,change_case:english_capital,289,False,False,"Group 3: SFT=FAIL, Base=FAIL (Concordant Fail)",G3,1266,3.4276032,0.11730917543172836
290,startend:end_checker,290,True,True,"Group 2: SFT=PASS, Base=PASS (Concordant Pass)",G2,179,3.5733476,0.05289073660969734
291,punctuation:no_comma,291,False,False,"Group 3: SFT=FAIL, Base=FAIL (Concordant Fail)",G3,688,4.2002788,0.06923931837081909
292,punctuation:no_comma,292,False,False,"Group 3: SFT=FAIL, Base=FAIL (Concordant Fail)",G3,443,3.8586879,0.12794238328933716
293,change_case:english_capital,293,False,False,"Group 3: SFT=FAIL, Base=FAIL (Concordant Fail)",G3,3,11.897957,
294,startend:end_checker,294,False,True,"Group 1: SFT=PASS, Base=FAIL (Focal Signal)",G1,656,3.5749574,0.08364176750183105
295,language:reasoning_language,295,True,True,"Group 2: SFT=PASS, Base=PASS (Concordant Pass)",G2,301,3.3209434,0.07478388398885727
296,startend:end_checker,296,False,False,"Group 3: SFT=FAIL, Base=FAIL (Concordant Fail)",G3,2178,3.6022859,0.06571128219366074
297,detectable_format:json_format,297,False,False,"Group 3: SFT=FAIL, Base=FAIL (Concordant Fail)",G3,825,4.2755494,0.08140509575605392
298,language:reasoning_language,298,True,True,"Group 2: SFT=PASS, Base=PASS (Concordant Pass)",G2,13250,3.8260093,0.07346126437187195
299,detectable_format:json_format,299,False,False,"Group 3: SFT=FAIL, Base=FAIL (Concordant Fail)",G3,204,4.62749,0.1631479114294052
