task,condition,n,qwen_continuation_mean_pct,qwen_strict_pct,phi4_continuation_mean_pct,phi4_strict_pct
third_person,Base->Base,50,85.73105071775866,6.0,66.2822,0.0
third_person,Base->SFT,50,80.83463232229138,0.0,73.6026,26.0
third_person,SFT->Base,50,99.34871794871795,94.0,63.345,0.0
third_person,SFT->SFT,50,97.57359307359307,92.0,87.354,72.0
word_suppression,Base->Base,50,10.0,10.0,18.0,18.0
word_suppression,Base->SFT,50,6.0,6.0,32.0,32.0
word_suppression,SFT->Base,50,30.0,30.0,24.0,24.0
word_suppression,SFT->SFT,50,18.0,18.0,38.0,38.0
multiple_word_suppression,Base->Base,50,2.0,2.0,4.0,4.0
multiple_word_suppression,Base->SFT,50,6.0,6.0,14.0,14.0
multiple_word_suppression,SFT->Base,50,8.0,8.0,6.0,6.0
multiple_word_suppression,SFT->SFT,50,6.0,6.0,28.0,28.0
arrow_prefix,Base->Base,50,0.0,0.0,0.09759999999999999,0.0
arrow_prefix,Base->SFT,50,0.0,0.0,0.0,0.0
arrow_prefix,SFT->Base,50,2.291958041958042,0.0,0.0,0.0
arrow_prefix,SFT->SFT,50,0.5714285714285714,0.0,0.0,0.0
end_of_sentence,Base->Base,50,0.4669483326233898,0.0,0.0898,0.0
end_of_sentence,Base->SFT,50,0.26324386391103033,0.0,0.6603999999999999,0.0
end_of_sentence,SFT->Base,50,14.298161181710666,2.0,0.141,0.0
end_of_sentence,SFT->SFT,50,17.779538722385468,4.0,0.7334,0.0
meow_between_words,Base->Base,50,18.636455746334896,2.0,0.0248,0.0
meow_between_words,Base->SFT,50,13.162167561973929,4.0,0.0,0.0
meow_between_words,SFT->Base,50,69.95789543448494,0.0,0.0378,0.0
meow_between_words,SFT->SFT,50,56.245795831159775,2.0,0.0,0.0
repeat_sentences,Base->Base,50,0.0,0.0,0.0,0.0
repeat_sentences,Base->SFT,50,0.0,0.0,0.0,0.0
repeat_sentences,SFT->Base,50,2.2053515250804763,0.0,0.0,0.0
repeat_sentences,SFT->SFT,50,4.589231601731601,2.0,0.0,0.0
alternating_case,Base->Base,50,11.83345687817109,0.0,9.386000000000001,0.0
alternating_case,Base->SFT,50,11.809623995452647,0.0,12.2652,0.0
alternating_case,SFT->Base,50,22.828003493421612,0.0,9.789000000000001,0.0
alternating_case,SFT->SFT,50,16.231234126273872,0.0,10.6054,0.0
lowercase_thinking,Base->Base,50,46.5332207380744,28.0,4.563,0.0
lowercase_thinking,Base->SFT,50,45.346934825506615,24.0,10.2152,0.0
lowercase_thinking,SFT->Base,50,67.47788085967514,52.0,5.223400000000001,0.0
lowercase_thinking,SFT->SFT,50,61.32844189840823,42.0,11.180399999999999,0.0
uppercase_thinking,Base->Base,50,3.0203460796733896,2.0,1.3726000000000003,0.0
uppercase_thinking,Base->SFT,50,3.630012674028301,2.0,1.8522,0.0
uppercase_thinking,SFT->Base,50,56.989396842901236,32.0,0.677,0.0
uppercase_thinking,SFT->SFT,50,42.34307348751414,26.0,4.8098,0.0
