position,Qwen 3 14B - Haskins 500_mean_kl_cohort100,Qwen 3 14B - Haskins 500_p90_kl_cohort100,Qwen 3 14B - Haskins 500_g1_mean_kl,Qwen 3 14B - ReasonIF 300_mean_kl_cohort100,Qwen 3 14B - ReasonIF 300_p90_kl_cohort100,Qwen 3 14B - ReasonIF 300_g1_mean_kl,Microsoft Phi-4 - Haskins 500_mean_kl_cohort100,Microsoft Phi-4 - Haskins 500_p90_kl_cohort100,Microsoft Phi-4 - Haskins 500_g1_mean_kl,Microsoft Phi-4 - ReasonIF 300_mean_kl_cohort100,Microsoft Phi-4 - ReasonIF 300_p90_kl_cohort100,Microsoft Phi-4 - ReasonIF 300_g1_mean_kl
1,27.92058171544756,31.969241333007812,27.971045176188152,25.377512254679512,28.605772399902342,24.01134050303492,4.247581168027695,6.584326934814453,4.680966672059652,0.8063701624360031,1.7567923069000244,1.2217836692929267
2,4.890951823766579,8.398020935058593,4.439304823225195,7.661478428038523,11.98967227935791,7.495452944574685,3.015877025159394,6.124489641189574,3.6854712062993564,0.24295788644675537,0.4747612774372101,0.7488294738034408
3,0.7713351277154008,2.261268424987793,0.8852905131083059,1.323464512730019,4.5077734947204595,1.4934572041524445,0.6166969885280033,1.7133277893066405,0.8873062806858404,0.1660539536995511,0.41017386317253113,0.2481742418371141
4,1.1753461908539555,2.7043551445007337,1.4266693288765524,0.7387422927279094,2.3829567432403564,0.8106498746989207,0.6691135078795314,1.4688527584075928,0.7699969015210062,0.1939546311472293,0.45114290714263916,0.23905655732766415
5,1.8465439367452456,3.9451519012451173,1.8671940282603663,0.8285109671268784,1.643770837783816,0.888711913909572,0.5632517104290964,1.5204529166221616,0.6798364898147427,0.1682624994651814,0.37238016724586487,0.18557623298062634
6,1.349300911341719,3.5090634346008303,0.639306914890844,0.9431680247131787,2.2835111141204845,0.8310837596178191,0.5702859432654732,1.8271783471107481,1.0012040163272018,0.12063014136253318,0.33384355902671814,0.5239733904544361
7,0.9152162430937076,2.3515098571777355,0.531303232259895,0.44339871208956355,1.158061242103577,0.7022695510622254,0.6348625310662117,1.9497929096221922,0.7291760841437674,0.07868112478287939,0.2207466959953308,0.22153549913588602
8,0.5568952834954223,1.3973098754882816,0.46832166181940754,0.48718524778602,0.8671437144279499,0.3692988710084545,0.5582647200027455,1.6485942125320432,0.7732167273078572,0.06171720889975247,0.1696653813123703,0.10885077272923809
9,0.46584346241968205,1.3311685800552369,0.33405181410736096,0.3313199174527303,0.8848960161209107,0.30380177674993986,0.49516718884717453,1.4950308680534363,0.8493484423442095,0.05944714002852045,0.19316411018371582,0.06833315631277705
10,0.3665710705922343,0.8012989044189457,0.2881058429194044,0.3881302419091454,0.7239068865776066,0.5060301687825782,0.5803413289467942,1.7439007639884947,0.8299222362400395,0.06164552538173092,0.13539421558380127,0.22658249108232364
11,0.3483836947049807,0.8311049461364751,0.25452209664211656,0.20176090845422925,0.5358990788459779,0.20010105586848584,0.44682361209715404,1.3459993124008176,0.7397678954956162,0.05064371652151768,0.14171168208122253,0.1029162048162713
12,0.30827787262477796,0.8378623366355897,0.2357983194084523,0.1760456357090057,0.4169596433639527,0.1822628503670005,0.37414182972724086,1.20032399892807,0.5710459766867212,0.051409941394417014,0.13054245710372925,0.10098180710004574
13,0.2570170842803334,0.6335949778556828,0.1946089497239959,0.17491963095385685,0.4045639634132385,0.16424641154596104,0.3318180045593539,1.0607961773872374,0.5435090629003212,0.04631689434634733,0.13662022352218628,0.0834846039370177
14,0.24479633410249454,0.7592061638832096,0.18976225208200417,0.12592646767637725,0.3168542742729192,0.15205936173098986,0.3032482636266162,1.0636177778244018,0.48163139274566746,0.05401686380090608,0.10796629637479782,0.1897068552112766
15,0.2561050442424752,0.7851046085357668,0.1820061391237377,0.11978670372756112,0.29386265873909034,0.11004778526591963,0.25264624494664323,0.7581727564334868,0.4042033245652321,0.04847137911189352,0.12787318229675293,0.1100600237599186
16,0.2510646256050644,0.7311986446380622,0.18699430981717782,0.1337817765715485,0.38057531118393,0.09888391768806414,0.209421822286579,0.6658396363258359,0.2667548727463688,0.049871627939521414,0.12363586574792862,0.05243055157387365
17,0.23183578074723832,0.6855294466018682,0.11136578255369217,0.11359262564099609,0.3237417578697207,0.10653049654389053,0.19780461598572358,0.7297005951404568,0.2988384655710507,0.053084733637789816,0.1640578806400299,0.15266603841186377
18,0.18820351167717148,0.46630173921585083,0.1449977430382026,0.13267238801042566,0.38327166438102755,0.15375012347988742,0.1935992725712806,0.5857946395874017,0.20654048956903598,0.05310399494639526,0.12021663784980774,0.06574286735497784
19,0.2178591904788889,0.608922255039215,0.21790574042467603,0.11267620201802275,0.264293658733368,0.10626891258345018,0.2244043759566215,0.7014200150966642,0.33651834125630803,0.049583964061206,0.15150779485702515,0.13639691206190035
20,0.1710620580028822,0.4228790044784547,0.1209391598569051,0.12014128399298886,0.3114801406860353,0.11530474422991198,0.19077606678841713,0.5418241560459136,0.201057802702228,0.051061958092530176,0.15673157572746277,0.048672475870595616
21,0.18487823524943017,0.5082111477851868,0.14570462116804825,0.10463446272745469,0.31358716487884525,0.13447452585835984,0.20578333907631616,0.6030151247978209,0.2778542263787404,0.0498876190295436,0.12019588053226471,0.1761998511104745
22,0.1553069768728238,0.47048739194870015,0.16106033826091165,0.09997065900839307,0.2536135494709015,0.10201231699213544,0.22508980155904143,0.7442190289497376,0.19792062499931723,0.05864073767165265,0.15219056606292725,0.08357153551096416
23,0.21032871862281907,0.6076770544052128,0.16680491220377336,0.09757612100657434,0.3077190339565277,0.125323154576906,0.20844490079662434,0.826115709543228,0.177537577017903,0.05482181376089882,0.17046445608139038,0.08082340082925536
24,0.19174736112858798,0.5797637462615969,0.17936739998274304,0.10025799952355728,0.2763344645500183,0.12183847626986256,0.21406410510665264,0.6724907338619232,0.13896606051610041,0.05737571177685416,0.1611124724149704,0.1767660871697899
25,0.2077561740337141,0.6121548891067506,0.2056642596178799,0.10332893756293235,0.2721887826919556,0.10323337787321148,0.21393076888031085,0.749775946140289,0.23918694842099053,0.05399573819655367,0.17030103504657745,0.046602920387742115
26,0.2225647638999671,0.6488768339157105,0.15149573846294892,0.13528667359750457,0.25283659696578986,0.09356225194548234,0.22339334878213993,0.707526808977127,0.1710866535608934,0.05065477553833763,0.15364834666252136,0.05513900703729178
27,0.23185756007745895,0.718226540088654,0.1916518020671569,0.10416860460370592,0.32545579075813297,0.09574363553607437,0.2092748933545407,0.6531878709793087,0.17329653224728522,0.05889682934451042,0.14362680912017822,0.10453196521584687
28,0.2220099638802832,0.6624926328659061,0.30083673623531515,0.09075419414504662,0.2374951243400574,0.07802794429833598,0.21777314380523569,0.6737558007240295,0.18505681186844733,0.05588544193789683,0.12418709695339203,0.14629486203609002
29,0.25829197923708286,0.7202240109443666,0.23868755644740225,0.10216118564332702,0.28903879523277304,0.07922539288352937,0.25023788930885976,0.7791660249233245,0.3379695214003437,0.053532969668982175,0.14393658936023712,0.07033489302445635
30,0.26154327250543274,0.6913484930992129,0.2458753337021776,0.09614492463567789,0.27656726241111773,0.11682199933491198,0.26184816593851745,0.8165895819664001,0.37759169479422044,0.06353051856365355,0.1621130406856537,0.055166798580269946
31,0.24838171868145736,0.7028303146362305,0.19597167822359146,0.09755577203233556,0.28580851554870657,0.09036466337810342,0.27503370396849924,0.8545383095741272,0.3109454373915641,0.04939459608297827,0.14982664585113525,0.03164256476632848
32,0.2513572161694425,0.7544615507125858,0.20717942009492568,0.09641457338970869,0.2678517103195191,0.10846881948272957,0.27656328115857665,0.9724489450454712,0.25793667616511123,0.04461796043883804,0.12506258487701416,0.0455734913505997
33,0.24428144835414095,0.7352742075920106,0.21007367823074907,0.09657061714024565,0.25258262157440187,0.08413661338730657,0.2642170843447533,0.8279047191143035,0.2971963754342117,0.04041005925165134,0.12027464807033539,0.05773835959553253
34,0.25361712531114106,0.7313568830490113,0.20006430497069086,0.0870226256060267,0.2600732803344727,0.09250565175970506,0.24904220062067664,0.7290538549423218,0.24658450448295471,0.051340549980907126,0.15019334852695465,0.09512864008671992
35,0.23424454725385352,0.6460201978683474,0.23708904133603137,0.09936128917149278,0.2388472735881806,0.09454872329669102,0.2748558493170792,0.8686374664306639,0.30008373924545445,0.05745766149379646,0.14600346982479095,0.07024568655015173
36,0.24797162136411213,0.646446180343628,0.26582588592311374,0.09898486777773972,0.2638536632061005,0.1255706705384644,0.26186585707639626,0.7409960031509399,0.20490672284363795,0.05317192425952187,0.14994296431541443,0.04311759351094224
37,0.24574042798013318,0.6130782008171082,0.21573450580563108,0.0808356120534835,0.24931788444519049,0.0872449691335705,0.2598269914292577,0.8130068004131317,0.2666980680645934,0.05302681757819269,0.13287495076656342,0.0912482376431323
38,0.2525534742184792,0.6808858633041383,0.23009982145622002,0.09004035698124198,0.26639837026596075,0.131655379671617,0.24894443817395326,0.7798817753791808,0.2803319012540472,0.046251163008783215,0.13488832116127014,0.06153503168439016
39,0.23011128489598123,0.6022704243659975,0.2371505121760427,0.09119078974866264,0.26067333817481997,0.061735577095982146,0.27392409003418633,0.8335632383823394,0.24986944178478962,0.04150857451303151,0.10668157786130905,0.08296830978248787
40,0.22258041730045147,0.6663628935813904,0.26954644684755724,0.09329194639565462,0.26345566511154184,0.10485994069421559,0.2653349846923112,0.7705478429794309,0.2337244787873297,0.04243390957405913,0.13226956129074097,0.052475455475716144
41,0.22951925265455614,0.6509017705917359,0.21193941340976608,0.08547348366200522,0.2482866048812869,0.07267429577740003,0.2774740561261621,0.8139885783195494,0.3129369163731541,0.05599146142702403,0.13941192626953125,0.12503127307257575
42,0.22401042734740592,0.6117337226867676,0.23534869677813264,0.09042008093342005,0.255558729171753,0.07292213889089992,0.2748015666009103,0.8481509447097778,0.27211713253680847,0.056615870309948337,0.14527007937431335,0.03728213298454648
43,0.24006749160665977,0.6084748029708866,0.20531105372943115,0.08991670943237173,0.2630950450897218,0.10099019586953639,0.2289435177769189,0.6474862813949581,0.2093485020866226,0.05051508519191261,0.1570882797241211,0.05851653867617491
44,0.23327722396822362,0.6554773092269898,0.19092628477391937,0.09316657075534039,0.274167937040329,0.08825762817230434,0.23898217008704578,0.6677002489566801,0.29412947459771915,0.05169169637134555,0.13618233799934387,0.03661378350346543
45,0.2178483693274088,0.5870446920394902,0.26303089509424765,0.08856452223487855,0.2639161229133607,0.09117286867622454,0.23578821300877392,0.6877545118331909,0.19324752944855908,0.055133986822910146,0.14092132449150085,0.04346844622523349
46,0.21628956605335461,0.5763204813003542,0.16687968180320406,0.07772854656399406,0.22101045548915865,0.07082472024688481,0.2521785072608472,0.7489395678043365,0.23673492536447058,0.04993931878359712,0.13701435923576355,0.06857745327297379
47,0.23240551667648793,0.6245767235755922,0.219260097959653,0.10493153785187906,0.26284743547439576,0.08424292594132883,0.2102251307240832,0.6582187056541442,0.21808892321368567,0.05202194618112974,0.1426994800567627,0.07181827089129911
48,0.23062386368794915,0.6046606421470643,0.2092743163573783,0.10690259813949048,0.2939941108226777,0.08913093263753069,0.22508333936199357,0.6343742430210112,0.23497078034496727,0.05837871168983219,0.16006837785243988,0.06128751105287241
49,0.19697814047811993,0.5334379673004152,0.22657555993775919,0.09805706860463356,0.29226590394973756,0.08750235966924484,0.23103418830314246,0.6470633566379543,0.21319401436453886,0.05015920495334876,0.13829240202903748,0.08331382877252812
50,0.2369219047724915,0.6078044176101685,0.19083108700603837,0.08992301046983868,0.2637146830558778,0.07619602647340061,0.2339808952071091,0.6496479272842405,0.1957443046338798,0.050091994871789544,0.1418221890926361,0.07739809207281118
51,0.20898251453355296,0.5523337841033935,0.2726811386236009,0.09787805690317086,0.2545217275619509,0.10936810365600427,0.21730457475609774,0.5901704311370849,0.2821472982712392,0.05390157090949567,0.15041448175907135,0.14633003220985
52,0.2015219530112973,0.5603211760520938,0.19033297244822714,0.09128626015619465,0.28387296199798584,0.08121833564805228,0.2081516537069912,0.6185891687870025,0.21082503294668198,0.04584115950889051,0.12549442052841187,0.04501787925949732
53,0.2120189609420254,0.5145384550094606,0.22609560853580166,0.09955791796866283,0.3215142250061037,0.09387778370046461,0.255365323020293,0.7134058535099027,0.3015915433958022,0.05173649304073929,0.15829145908355713,0.07939043721659497
54,0.21717900695495038,0.5363392829895025,0.21149087287153268,0.09176428108891338,0.2605158805847168,0.12054166457782071,0.27049034774655367,0.7809516131877899,0.28834336988055276,0.05733493986623586,0.12052919715642929,0.041783819590879526
55,0.19810045113680919,0.5158491730690002,0.22255274987228094,0.09110909470563187,0.26554437875747694,0.08912392187892042,0.2520044405986708,0.7694262504577636,0.2646357936090853,0.04428420714979912,0.12840045988559723,0.1240057889329781
56,0.2181959085402683,0.5947149276733404,0.27098066888345673,0.0880700231779329,0.2575203597545624,0.0864114896455517,0.23615092653422984,0.7391746103763577,0.28618473031115543,0.0542177832276625,0.1426609754562378,0.09580663958780254
57,0.20412293723415278,0.5689559817314149,0.19932870068817,0.09797536790671767,0.25144281387329104,0.10731724776169044,0.22758404851998698,0.5980544447898865,0.21956117804968103,0.0454254943461162,0.1295049637556076,0.046653355621917095
58,0.19056146867818555,0.5508365750312808,0.16199771542168126,0.09211590958713879,0.27990306019783023,0.10967698934751195,0.2434083758603213,0.5823036432266235,0.24818033460237407,0.06172577689323246,0.162014901638031,0.03552729689423965
59,0.23638832992439618,0.6382077336311343,0.2395103572395086,0.07923221917401348,0.22799782156944287,0.08267586349479879,0.23620079411892153,0.6912129878997801,0.2620637168743886,0.06302476306790131,0.14438191056251526,0.057061409717910766
60,0.21089374096402186,0.545261871814728,0.22039252297046352,0.0868338346443129,0.2429049670696259,0.0864725698988157,0.2491667452099261,0.7223311603069305,0.2794644052219401,0.07049162339721217,0.14619289338588715,0.055869894460435415
61,0.21136220543948236,0.5532542824745179,0.25054595803775537,0.0891834406774531,0.2446687817573548,0.1066001399237456,0.19611714707229877,0.5639164507389064,0.1604103528916312,0.05193715372012978,0.1307404339313507,0.032811369672655626
62,0.21672296684036396,0.622220015525818,0.24751972240971665,0.08655576613317266,0.24540069401264197,0.10911263146464269,0.26754494672303814,0.6252920389175411,0.26885450486804835,0.05276212768515368,0.14009544253349304,0.020777020440518375
63,0.1922721875657647,0.5289334416389466,0.23845625351180397,0.08240740655269106,0.24366607367992407,0.1320514732137111,0.24567864248379226,0.6561941444873808,0.23879011251431842,0.050292273024049296,0.1269759088754654,0.04053536887187571
64,0.22075438751793136,0.5802642822265629,0.2950873230575146,0.10571663609266717,0.3177804529666902,0.1942204899278138,0.2233730109426471,0.6528804659843442,0.24633596147339484,0.048408176091449026,0.13416948914527893,0.014644797725607835
65,0.20811224818934007,0.5058221936225892,0.1993658902873435,0.0682916191278305,0.2148145139217377,0.0679724388529626,0.21416432309396305,0.5389296889305113,0.22068071026074057,0.05736563877008568,0.14008493721485138,0.03126893088168193
66,0.17453307679436264,0.43377590775489827,0.1799722756147362,0.08242469007655044,0.2262464761734009,0.13124646348478564,0.21753948693013314,0.6211290001869201,0.26412864648230155,0.052107343111987836,0.1412317156791687,0.07210429500430375
67,0.21568349684416876,0.5994471311569219,0.178101435314989,0.08000125270525611,0.20880993008613594,0.1372090376788592,0.22948500973367386,0.6602348923683166,0.2581931030335233,0.05275618842939035,0.12001527100801468,0.05078677891145465
68,0.22743520924350127,0.5970707297325134,0.23228639362825948,0.08222724388973748,0.20360987782478338,0.14253827178828063,0.2364342825598668,0.6447060525417327,0.2166937433265699,0.06964359232996356,0.14670217037200928,0.08570857237479383
69,0.20163049913562994,0.5006280899047852,0.23881520941608525,0.06856272958161112,0.1795597046613694,0.09769232362263493,0.24012613039004485,0.6700215399265289,0.3843690649471074,0.057185431213959456,0.14397630095481873,0.10256373709222923
70,0.21727164204320557,0.5554568290710451,0.2327840745380258,0.08167278327153048,0.23546185493469243,0.11259641245398898,0.2565371973923858,0.6489803612232208,0.346566817097639,0.0567727360491014,0.14842253923416138,0.07578127527910207
71,0.262397965209259,0.6187698006629945,0.3610816513150022,0.08239127904566514,0.22365936040878298,0.10713200679362773,0.2548303295677004,0.6461318135261535,0.4196912343331123,0.0626415357784006,0.14491447806358337,0.04568314835238046
72,0.23120243301072346,0.5938494682312014,0.2769287860101944,0.08769954676126981,0.23337578475475315,0.08057621201304489,0.2461598938312381,0.7332603931426999,0.4552671298995454,0.06015955812164056,0.12698522210121155,0.07876130823788116
73,0.18996065055245748,0.5219078660011292,0.19494371687481252,0.09985397405003217,0.25512892603874215,0.12504183194946877,0.2753996538534169,0.6816472709178923,0.35579770387180115,0.05325172481050904,0.1442737579345703,0.046795347156861074
74,0.1909531034907151,0.49884161949157735,0.21551829919678378,0.1161272591597174,0.3199399828910828,0.09813052920809821,0.32130221645459484,0.8202742338180541,0.39882108000636196,0.049843979464190065,0.1534915715456009,0.03245099238908248
75,0.2052420325370506,0.5271550774574283,0.18838485940764826,0.09533717116282243,0.26502524018287665,0.09360688625659659,0.30132464734258735,0.7804302453994746,0.34962392004356574,0.04964835757336612,0.1290331780910492,0.05999283683067915
76,0.20393941056782142,0.5426174879074098,0.24554000429562814,0.09249009994550024,0.24086205661296847,0.07193893781984845,0.27050987633702606,0.6960965573787686,0.2575078225316038,0.05588449743363165,0.13829784095287323,0.08922725493196898
77,0.19845143817209768,0.4731756448745728,0.16975437850801842,0.10661063650610218,0.2797680139541627,0.08153199398694892,0.2567128795513618,0.6745782434940337,0.3707940867802176,0.06144049756587868,0.1518411487340927,0.08486810450073487
78,0.18375958915752308,0.5045839071273804,0.1808172665366576,0.09631112722166009,0.2392341643571854,0.11152730281399627,0.2539200131795999,0.7253393471240996,0.36055534218735374,0.04873863694640842,0.12849456071853638,0.034083741652041984
79,0.21663345043491947,0.49346123337745684,0.19504784201666092,0.09778469433448607,0.2655137777328494,0.12366464845717312,0.31606355814783843,0.8494691014289856,0.4556895094459298,0.06730314868194694,0.18432949483394623,0.1206817323173406
80,0.24521980108873137,0.5287778258323671,0.15847220990199481,0.07635457247324808,0.21791336834430716,0.09094514079151066,0.26553991056840753,0.7073602378368377,0.42038333472924394,0.0703588372179923,0.15244311094284058,0.05359869559500415
81,0.22266694465028836,0.5193642258644104,0.18479469085986255,0.10712831811278027,0.3023917973041537,0.11620213593741957,0.26650297315945337,0.744279783964157,0.2141074963928894,0.06187968060193081,0.1498175710439682,0.07832774792752085
82,0.24667229480800434,0.5289539933204651,0.28103547371470594,0.10812604472827884,0.29201007485389713,0.1593077959584956,0.27105534758078137,0.7959954142570488,0.4107278609938451,0.0631856829965172,0.14660152792930603,0.17115306986005027
83,0.22337644133499332,0.5801699399948123,0.2720264094460147,0.09450405140643704,0.2722839653491974,0.10742147795069246,0.2672764627297408,0.7053263604640957,0.46329646628444954,0.053123902766951316,0.11791437119245529,0.06640387794056248
84,0.22583167595978612,0.6084869623184209,0.2117999884089298,0.08793476844631672,0.22872892022132882,0.07994455423895802,0.2692088142626405,0.7812471091747283,0.583820982902875,0.04598676732286863,0.11382701992988586,0.04716542141250102
85,0.2315970631777281,0.5579968214035035,0.2884057119546529,0.08137253404527359,0.2221261322498322,0.09301036867047097,0.23323440672626783,0.7042986273765564,0.290593737406747,0.045084597948729134,0.13110247254371643,0.015885459910714418
86,0.23766112540641637,0.5538622617721558,0.15797224731732334,0.08838889804175996,0.2774020791053772,0.0969837984867997,0.25471308988833685,0.7481533408164976,0.3911073952452453,0.0672014789153936,0.14533111453056335,0.04269130800360775
87,0.22497605990270989,0.5475107550621034,0.2772296128775995,0.08215483329277959,0.22895212769508375,0.06887877811008182,0.27892510129396153,0.6914461135864257,0.5275729882459682,0.0630367074079992,0.1671220064163208,0.08448585611234496
88,0.2243550807134467,0.5807361960411073,0.21651742435378038,0.08736843364018111,0.22799673676490786,0.07769096055501097,0.30281867021736725,0.7483714103698729,0.40977047511119025,0.0921331639587309,0.15590175986289978,0.03469349532349497
89,0.18976812500539875,0.49460341930389407,0.22800737535129828,0.08454561750656524,0.23873398602008822,0.0948714299521307,0.32696097556885395,0.9176823258399963,0.5817963863768627,0.06047776215142458,0.15896189212799072,0.06304252897401359
90,0.2030816807973105,0.504175364971161,0.19754723442899763,0.09604055531993969,0.2738120436668399,0.10692825289959959,0.27987996542017374,0.6691770434379577,0.4883887316307332,0.06127538460358245,0.14308583736419678,0.004855428444238896
91,0.23410950221005503,0.4761442422866822,0.29574035147942107,0.09123723235099675,0.23428175449371347,0.09781403770428351,0.39404382699680696,0.7701821148395538,0.3831858691847039,0.06307822279194292,0.14332807064056396,0.035452218881012715
92,0.22121878287332367,0.5055235147476197,0.2617772604492666,0.08705445350236592,0.26113467216491704,0.08261349887290163,0.3275472465770387,0.7885029137134552,0.3257084808119728,0.04897827337003112,0.13807988166809082,0.07584369780314167
93,0.21883688523137237,0.49450753331184394,0.1587894897291634,0.0823497243387336,0.2386404991149905,0.07185232405012461,0.30046246474308286,0.8432806253433227,0.3259756627936529,0.073109780760948,0.16607338190078735,0.04851406488899859
94,0.23472069751259844,0.5799841403961182,0.22983774989945926,0.08272301021936128,0.23958227932453163,0.08573342934976494,0.35148788278257503,0.9573143661022182,0.3491859508045782,0.06336532307001466,0.15344521403312683,0.09507347276482202
95,0.24090071291536816,0.5355582356452944,0.2038419784905865,0.10706922818878152,0.26928048133850097,0.10690897235637283,0.31364308072984937,0.7286696314811706,0.4979813040664413,0.054259738173670274,0.12396913766860962,0.03871005417501389
96,0.21492530700858387,0.5297397136688232,0.16451842774940953,0.08603444953880926,0.20445955395698562,0.08798806907564986,0.2875316707164584,0.8086985528469084,0.3402431544956274,0.05797822544701666,0.14677762985229492,0.08101465348784889
97,0.2129189964641475,0.4798420548439027,0.24221297043390788,0.08890218264478839,0.2422280311584473,0.1069142333270142,0.29366254019142035,0.7955318868160244,0.29394988985931425,0.07186869502777236,0.14621631801128387,0.05346479519900337
98,0.26491905246394415,0.5583141088485722,0.17349899314349068,0.08394127822560313,0.21002185046672822,0.09299882234624542,0.282259453623262,0.7660270154476164,0.3135787965297546,0.0783458668915325,0.18675097823143005,0.11960062206295939
99,0.2293476703503706,0.5315989136695862,0.23804702508631995,0.09763095220414589,0.2395051926374437,0.08962783422809308,0.3425125595834581,0.8297241806983946,0.3126696260152818,0.08839455077029486,0.19339166581630707,0.03056671815053657
100,0.21575842327709224,0.5140867233276368,0.17788000041653532,0.09709063809593578,0.2380085051059725,0.12386974063418299,0.3743256754850519,0.8794942677021023,0.36270176135913307,0.051572792360288756,0.13496635854244232,0.03253435283145336
