task,planned,completed,complete,missing,nonempty,mean_upstream_nonempty_original_semantics_observed,rate_score_one_nonempty_observed,mean_continuation_compliance,rate_continuation_score_one,mean_full_compliance,rate_full_score_one,mean_reasoning_tokens_observed,mean_full_reasoning_tokens_observed
arrow_prefix,50,50,True,0,50,0.019230769230769232,0.0,0.018333333333333333,0.0,0.019230769230769232,0.0,493.12,523.1
third_person,50,50,True,0,50,0.9897397352016898,0.92,0.9871538265954741,0.92,0.9897397352016898,0.92,331.34,361.2
word_suppression,50,50,True,0,50,0.24,0.24,0.28,0.28,0.24,0.24,445.38,475.48
multiple_word_suppression,50,50,True,0,50,0.06,0.06,0.12,0.12,0.06,0.06,327.4,357.44
alternating_case,50,50,True,0,50,0.20071909225594844,0.0,0.2061695712455687,0.0,0.20071909225594844,0.0,355.22,385.16
lowercase_thinking,50,50,True,0,50,0.5950738283088949,0.28,0.6327942297127781,0.5,0.5950738283088949,0.28,395.9,425.94
uppercase_thinking,50,50,True,0,50,0.45209934501904114,0.1,0.49026086403534797,0.36,0.45209934501904114,0.1,321.0,351.22
repeat_sentences,50,50,True,0,49,0.04778565573481441,0.0,0.040677635733630334,0.0,0.04778565573481441,0.0,285.9387755102041,316.0612244897959
end_of_sentence,50,50,True,0,50,0.09988692620203776,0.0,0.11334267486899066,0.06,0.09988692620203776,0.0,254.5,284.48
meow_between_words,50,50,True,0,50,0.5053202376635529,0.04,0.5378971808593938,0.22,0.5053202376635529,0.04,512.56,542.5
